<?xml version="1.0" encoding="UTF-8"?>
<CustomMetadata xmlns="http://soap.sforce.com/2006/04/metadata" xmlns:xsi="http://www.w3.org/2001/XMLSchema-instance" xmlns:xsd="http://www.w3.org/2001/XMLSchema">
    <label>Record 1</label>
    <protected>false</protected>
    <values>
        <field>Predictive_Cost__c</field>
        <value xsi:type="xsd:double">1500.0</value>
    </values>
    <values>
        <field>Reactive_Cost__c</field>
        <value xsi:type="xsd:double">5000.0</value>
    </values>
</CustomMetadata>
