<?xml version="1.0" encoding="UTF-8"?>
<CustomMetadata xmlns="http://soap.sforce.com/2006/04/metadata" xmlns:xsi="http://www.w3.org/2001/XMLSchema-instance" xmlns:xsd="http://www.w3.org/2001/XMLSchema">
    <label>Default</label>
    <protected>false</protected>
    <values>
        <field>Endpoint__c</field>
        <value xsi:type="xsd:string">https://dev295519.service-now.com</value>
    </values>
    <values>
        <field>Password__c</field>
        <value xsi:type="xsd:string">gLeGf@T58E$p</value>
    </values>
    <values>
        <field>Username__c</field>
        <value xsi:type="xsd:string">admin</value>
    </values>
</CustomMetadata>
