<?xml version="1.0" encoding="UTF-8"?>
<FieldServiceMobileConfig xmlns="http://soap.sforce.com/2006/04/metadata">
    <ascAutomaticMode>Manual</ascAutomaticMode>
    <ascCancellationTimerInSec>60</ascCancellationTimerInSec>
    <ascCompletedStatus>Completed</ascCompletedStatus>
    <ascRadiusInMeters>150</ascRadiusInMeters>
    <ascTimeLimitationInMin>15</ascTimeLimitationInMin>
    <bgGeoLocationAccuracy>Coarse</bgGeoLocationAccuracy>
    <bgGeoLocationMinUpdateFreqMins>60</bgGeoLocationMinUpdateFreqMins>
    <brandInvertedColor>#FFFFFF</brandInvertedColor>
    <contrastInvertedColor>#FFFFFF</contrastInvertedColor>
    <contrastPrimaryColor>#000000</contrastPrimaryColor>
    <contrastQuaternaryColor>#C9C9C9</contrastQuaternaryColor>
    <contrastQuinaryColor>#EEEEEE</contrastQuinaryColor>
    <contrastSecondaryColor>#444444</contrastSecondaryColor>
    <contrastTertiaryColor>#949494</contrastTertiaryColor>
    <daysAfterCurrentServiceDate>2</daysAfterCurrentServiceDate>
    <daysBeforeCurrentServiceDate>2</daysBeforeCurrentServiceDate>
    <feedbackPrimaryColor>#BA0517</feedbackPrimaryColor>
    <feedbackSecondaryColor>#2E844A</feedbackSecondaryColor>
    <feedbackSelectedColor>#FFFFFF</feedbackSelectedColor>
    <feedbackTertiaryColor>#DD7A01</feedbackTertiaryColor>
    <futureDaysInDatePicker>45</futureDaysInDatePicker>
    <geoLocationAccuracy>Medium</geoLocationAccuracy>
    <geoLocationMinUpdateFreqMins>10</geoLocationMinUpdateFreqMins>
    <isAscTimeLimitEnabled>false</isAscTimeLimitEnabled>
    <isAssignmentNotification>true</isAssignmentNotification>
    <isDispatchNotification>true</isDispatchNotification>
    <isLimitedLocTrackingEnabled>false</isLimitedLocTrackingEnabled>
    <isOptimizedImageUploadEnabled>false</isOptimizedImageUploadEnabled>
    <isScheduleViewResourceAbsences>false</isScheduleViewResourceAbsences>
    <isSendLocationHistory>false</isSendLocationHistory>
    <isShowEditFullRecord>true</isShowEditFullRecord>
    <isTimeSheetEnabled>false</isTimeSheetEnabled>
    <isTimeZoneEnabled>false</isTimeZoneEnabled>
    <isUseSalesforceMobileActions>false</isUseSalesforceMobileActions>
    <isVirtualMeasurement>false</isVirtualMeasurement>
    <masterLabel>Field Service Mobile Settings</masterLabel>
    <maxNumberOfServiceAppointments>50</maxNumberOfServiceAppointments>
    <metadataCacheTimeDays>7</metadataCacheTimeDays>
    <navbarBackgroundColor>#AC145A</navbarBackgroundColor>
    <navbarInvertedColor>#FFFFFF</navbarInvertedColor>
    <pastDaysInDatePicker>45</pastDaysInDatePicker>
    <primaryBrandColor>#AC145A</primaryBrandColor>
    <recordDataCacheTimeMins>240</recordDataCacheTimeMins>
    <secondaryBrandColor>#2A7AB0</secondaryBrandColor>
    <timeIntervalSetupMins>fifteen</timeIntervalSetupMins>
    <updateScheduleTimeMins>30</updateScheduleTimeMins>
</FieldServiceMobileConfig>
