<?xml version="1.0" encoding="UTF-8"?>
<BrandingSet xmlns="http://soap.sforce.com/2006/04/metadata">
    <brandingSetProperty>
        <propertyName>BRAND_COLOR</propertyName>
        <propertyValue>#0176D3</propertyValue>
    </brandingSetProperty>
    <brandingSetProperty>
        <propertyName>HEADER_BACKGROUND_COLOR</propertyName>
        <propertyValue>#FFFFFF</propertyValue>
    </brandingSetProperty>
    <brandingSetProperty>
        <propertyName>BRAND_IMAGE</propertyName>
        <propertyValue>/file-asset/Praval_Logo_600x120_WHITE?v=1</propertyValue>
    </brandingSetProperty>
    <brandingSetProperty>
        <propertyName>GROUPS_BANNER_IMAGE</propertyName>
        <propertyValue></propertyValue>
    </brandingSetProperty>
    <brandingSetProperty>
        <propertyName>GROUP_IMAGE</propertyName>
        <propertyValue></propertyValue>
    </brandingSetProperty>
    <brandingSetProperty>
        <propertyName>PROFILE_BANNER_IMAGE</propertyName>
        <propertyValue></propertyValue>
    </brandingSetProperty>
    <brandingSetProperty>
        <propertyName>USER_IMAGE</propertyName>
        <propertyValue></propertyValue>
    </brandingSetProperty>
    <brandingSetProperty>
        <propertyName>OVERRIDE_LOADING_PAGE</propertyName>
        <propertyValue>true</propertyValue>
    </brandingSetProperty>
    <brandingSetProperty>
        <propertyName>ON_SURFACE_COLOR_3</propertyName>
        <propertyValue>#092443</propertyValue>
    </brandingSetProperty>
    <brandingSetProperty>
        <propertyName>ON_SURFACE_COLOR_3_DARK_MODE</propertyName>
        <propertyValue>#dde5fc</propertyValue>
    </brandingSetProperty>
    <masterLabel>Praval</masterLabel>
</BrandingSet>
