<?xml version="1.0" encoding="UTF-8"?>
<FlexiPage xmlns="http://soap.sforce.com/2006/04/metadata">
    <flexiPageRegions>
        <itemInstances>
            <componentInstance>
                <componentInstanceProperties>
                    <name>collapsed</name>
                    <value>false</value>
                </componentInstanceProperties>
                <componentInstanceProperties>
                    <name>enableActionsConfiguration</name>
                    <value>false</value>
                </componentInstanceProperties>
                <componentInstanceProperties>
                    <name>enableActionsInNative</name>
                    <value>false</value>
                </componentInstanceProperties>
                <componentInstanceProperties>
                    <name>hideChatterActions</name>
                    <value>false</value>
                </componentInstanceProperties>
                <componentInstanceProperties>
                    <name>numVisibleActions</name>
                    <value>3</value>
                </componentInstanceProperties>
                <componentName>force:highlightsPanel</componentName>
                <identifier>force_highlightsPanel</identifier>
            </componentInstance>
        </itemInstances>
        <mode>Replace</mode>
        <name>header</name>
        <type>Region</type>
    </flexiPageRegions>
    <flexiPageRegions>
        <itemInstances>
            <componentInstance>
                <componentInstanceProperties>
                    <name>relatedListComponentOverride</name>
                    <value>NONE</value>
                </componentInstanceProperties>
                <componentInstanceProperties>
                    <name>rowsToDisplay</name>
                    <value>10</value>
                </componentInstanceProperties>
                <componentInstanceProperties>
                    <name>showActionBar</name>
                    <value>true</value>
                </componentInstanceProperties>
                <componentName>force:relatedListContainer</componentName>
                <identifier>force_relatedListContainer</identifier>
            </componentInstance>
        </itemInstances>
        <mode>Replace</mode>
        <name>relatedTabContent</name>
        <type>Facet</type>
    </flexiPageRegions>
    <flexiPageRegions>
        <itemInstances>
            <fieldInstance>
                <fieldInstanceProperties>
                    <name>uiBehavior</name>
                    <value>required</value>
                </fieldInstanceProperties>
                <fieldItem>Record.Name</fieldItem>
                <identifier>RecordNameField</identifier>
            </fieldInstance>
        </itemInstances>
        <itemInstances>
            <fieldInstance>
                <fieldInstanceProperties>
                    <name>uiBehavior</name>
                    <value>none</value>
                </fieldInstanceProperties>
                <fieldItem>Record.Asset__c</fieldItem>
                <identifier>RecordAsset_cField</identifier>
            </fieldInstance>
        </itemInstances>
        <itemInstances>
            <fieldInstance>
                <fieldInstanceProperties>
                    <name>uiBehavior</name>
                    <value>none</value>
                </fieldInstanceProperties>
                <fieldItem>Record.Temperature__c</fieldItem>
                <identifier>RecordTemperature_cField</identifier>
            </fieldInstance>
        </itemInstances>
        <itemInstances>
            <fieldInstance>
                <fieldInstanceProperties>
                    <name>uiBehavior</name>
                    <value>none</value>
                </fieldInstanceProperties>
                <fieldItem>Record.Is_Failure__c</fieldItem>
                <identifier>RecordIs_Failure_cField</identifier>
            </fieldInstance>
        </itemInstances>
        <itemInstances>
            <fieldInstance>
                <fieldInstanceProperties>
                    <name>uiBehavior</name>
                    <value>none</value>
                </fieldInstanceProperties>
                <fieldItem>Record.Failure_Probability__c</fieldItem>
                <identifier>RecordFailure_Probability_cField</identifier>
            </fieldInstance>
        </itemInstances>
        <itemInstances>
            <fieldInstance>
                <fieldInstanceProperties>
                    <name>uiBehavior</name>
                    <value>none</value>
                </fieldInstanceProperties>
                <fieldItem>Record.Work_Order__c</fieldItem>
                <identifier>RecordWork_Order__cField</identifier>
                <visibilityRule>
                    <criteria>
                        <leftValue>{!Record.Work_Order__r.WorkOrderNumber}</leftValue>
                        <operator>NE</operator>
                    </criteria>
                </visibilityRule>
            </fieldInstance>
        </itemInstances>
        <name>Facet-645a3834-f418-4a54-8d1a-f217a5316c4a</name>
        <type>Facet</type>
    </flexiPageRegions>
    <flexiPageRegions>
        <itemInstances>
            <fieldInstance>
                <fieldInstanceProperties>
                    <name>uiBehavior</name>
                    <value>none</value>
                </fieldInstanceProperties>
                <fieldItem>Record.OwnerId</fieldItem>
                <identifier>RecordOwnerIdField</identifier>
            </fieldInstance>
        </itemInstances>
        <itemInstances>
            <fieldInstance>
                <fieldInstanceProperties>
                    <name>uiBehavior</name>
                    <value>none</value>
                </fieldInstanceProperties>
                <fieldItem>Record.Vibration__c</fieldItem>
                <identifier>RecordVibration_cField</identifier>
            </fieldInstance>
        </itemInstances>
        <itemInstances>
            <fieldInstance>
                <fieldInstanceProperties>
                    <name>uiBehavior</name>
                    <value>none</value>
                </fieldInstanceProperties>
                <fieldItem>Record.Timestamp__c</fieldItem>
                <identifier>RecordTimestamp_cField</identifier>
            </fieldInstance>
        </itemInstances>
        <itemInstances>
            <fieldInstance>
                <fieldInstanceProperties>
                    <name>uiBehavior</name>
                    <value>none</value>
                </fieldInstanceProperties>
                <fieldItem>Record.Hours_Since_Service__c</fieldItem>
                <identifier>RecordHours_Since_Service__cField</identifier>
            </fieldInstance>
        </itemInstances>
        <itemInstances>
            <fieldInstance>
                <fieldInstanceProperties>
                    <name>uiBehavior</name>
                    <value>none</value>
                </fieldInstanceProperties>
                <fieldItem>Record.Machine_Age_Months__c</fieldItem>
                <identifier>RecordMachine_Age_Months__cField</identifier>
            </fieldInstance>
        </itemInstances>
        <itemInstances>
            <fieldInstance>
                <fieldInstanceProperties>
                    <name>uiBehavior</name>
                    <value>none</value>
                </fieldInstanceProperties>
                <fieldItem>Record.Cost_Savings__c</fieldItem>
                <identifier>RecordCost_Savings__cField</identifier>
            </fieldInstance>
        </itemInstances>
        <name>Facet-5bffb2f9-71d8-4657-99d9-71b61e2e4230</name>
        <type>Facet</type>
    </flexiPageRegions>
    <flexiPageRegions>
        <itemInstances>
            <componentInstance>
                <componentInstanceProperties>
                    <name>body</name>
                    <value>Facet-645a3834-f418-4a54-8d1a-f217a5316c4a</value>
                </componentInstanceProperties>
                <componentName>flexipage:column</componentName>
                <identifier>flexipage_column</identifier>
            </componentInstance>
        </itemInstances>
        <itemInstances>
            <componentInstance>
                <componentInstanceProperties>
                    <name>body</name>
                    <value>Facet-5bffb2f9-71d8-4657-99d9-71b61e2e4230</value>
                </componentInstanceProperties>
                <componentName>flexipage:column</componentName>
                <identifier>flexipage_column2</identifier>
            </componentInstance>
        </itemInstances>
        <name>Facet-33a51cc4-add5-4aa0-a382-562dd302c9c1</name>
        <type>Facet</type>
    </flexiPageRegions>
    <flexiPageRegions>
        <itemInstances>
            <fieldInstance>
                <fieldInstanceProperties>
                    <name>uiBehavior</name>
                    <value>none</value>
                </fieldInstanceProperties>
                <fieldItem>Record.SN_Incident_Number__c</fieldItem>
                <identifier>RecordSN_Incident_Number__cField</identifier>
            </fieldInstance>
        </itemInstances>
        <itemInstances>
            <fieldInstance>
                <fieldInstanceProperties>
                    <name>uiBehavior</name>
                    <value>none</value>
                </fieldInstanceProperties>
                <fieldItem>Record.SN_Incident_Sys_Id__c</fieldItem>
                <identifier>RecordSN_Incident_Sys_Id__cField</identifier>
            </fieldInstance>
        </itemInstances>
        <name>Facet-ec90fa14-f76d-40c9-9bf6-3d758dd452d7</name>
        <type>Facet</type>
    </flexiPageRegions>
    <flexiPageRegions>
        <itemInstances>
            <fieldInstance>
                <fieldInstanceProperties>
                    <name>uiBehavior</name>
                    <value>none</value>
                </fieldInstanceProperties>
                <fieldItem>Record.SN_Incident_URL__c</fieldItem>
                <identifier>RecordSN_Incident_URL__cField</identifier>
            </fieldInstance>
        </itemInstances>
        <itemInstances>
            <fieldInstance>
                <fieldInstanceProperties>
                    <name>uiBehavior</name>
                    <value>none</value>
                </fieldInstanceProperties>
                <fieldItem>Record.Incident_Ticket__c</fieldItem>
                <identifier>RecordIncident_Ticket__cField</identifier>
            </fieldInstance>
        </itemInstances>
        <name>Facet-4816cfcc-eb6a-42ad-9dc2-6919f7bda1dc</name>
        <type>Facet</type>
    </flexiPageRegions>
    <flexiPageRegions>
        <itemInstances>
            <componentInstance>
                <componentInstanceProperties>
                    <name>body</name>
                    <value>Facet-ec90fa14-f76d-40c9-9bf6-3d758dd452d7</value>
                </componentInstanceProperties>
                <componentName>flexipage:column</componentName>
                <identifier>flexipage_column5</identifier>
            </componentInstance>
        </itemInstances>
        <itemInstances>
            <componentInstance>
                <componentInstanceProperties>
                    <name>body</name>
                    <value>Facet-4816cfcc-eb6a-42ad-9dc2-6919f7bda1dc</value>
                </componentInstanceProperties>
                <componentName>flexipage:column</componentName>
                <identifier>flexipage_column6</identifier>
            </componentInstance>
        </itemInstances>
        <name>Facet-47f16771-3dca-430b-a312-01db6f6620a8</name>
        <type>Facet</type>
    </flexiPageRegions>
    <flexiPageRegions>
        <itemInstances>
            <fieldInstance>
                <fieldInstanceProperties>
                    <name>uiBehavior</name>
                    <value>readonly</value>
                </fieldInstanceProperties>
                <fieldItem>Record.CreatedById</fieldItem>
                <identifier>RecordCreatedByIdField</identifier>
            </fieldInstance>
        </itemInstances>
        <name>Facet-01106459-d634-40dc-b55c-869fbf26f2a4</name>
        <type>Facet</type>
    </flexiPageRegions>
    <flexiPageRegions>
        <itemInstances>
            <fieldInstance>
                <fieldInstanceProperties>
                    <name>uiBehavior</name>
                    <value>readonly</value>
                </fieldInstanceProperties>
                <fieldItem>Record.LastModifiedById</fieldItem>
                <identifier>RecordLastModifiedByIdField</identifier>
            </fieldInstance>
        </itemInstances>
        <name>Facet-d564bc01-5323-47ce-8175-ba811f58465a</name>
        <type>Facet</type>
    </flexiPageRegions>
    <flexiPageRegions>
        <itemInstances>
            <componentInstance>
                <componentInstanceProperties>
                    <name>body</name>
                    <value>Facet-01106459-d634-40dc-b55c-869fbf26f2a4</value>
                </componentInstanceProperties>
                <componentName>flexipage:column</componentName>
                <identifier>flexipage_column3</identifier>
            </componentInstance>
        </itemInstances>
        <itemInstances>
            <componentInstance>
                <componentInstanceProperties>
                    <name>body</name>
                    <value>Facet-d564bc01-5323-47ce-8175-ba811f58465a</value>
                </componentInstanceProperties>
                <componentName>flexipage:column</componentName>
                <identifier>flexipage_column4</identifier>
            </componentInstance>
        </itemInstances>
        <name>Facet-b37d96c4-7742-4065-9c61-b7107e17eb64</name>
        <type>Facet</type>
    </flexiPageRegions>
    <flexiPageRegions>
        <itemInstances>
            <componentInstance>
                <componentInstanceProperties>
                    <name>columns</name>
                    <value>Facet-33a51cc4-add5-4aa0-a382-562dd302c9c1</value>
                </componentInstanceProperties>
                <componentInstanceProperties>
                    <name>horizontalAlignment</name>
                    <value>false</value>
                </componentInstanceProperties>
                <componentInstanceProperties>
                    <name>label</name>
                    <value>@@@SFDCInformationSFDC@@@</value>
                </componentInstanceProperties>
                <componentName>flexipage:fieldSection</componentName>
                <identifier>flexipage_fieldSection</identifier>
            </componentInstance>
        </itemInstances>
        <itemInstances>
            <componentInstance>
                <componentInstanceProperties>
                    <name>columns</name>
                    <value>Facet-47f16771-3dca-430b-a312-01db6f6620a8</value>
                </componentInstanceProperties>
                <componentInstanceProperties>
                    <name>horizontalAlignment</name>
                    <value>false</value>
                </componentInstanceProperties>
                <componentInstanceProperties>
                    <name>label</name>
                    <value>Service Incident</value>
                </componentInstanceProperties>
                <componentName>flexipage:fieldSection</componentName>
                <identifier>flexipage_fieldSection3</identifier>
                <visibilityRule>
                    <criteria>
                        <leftValue>{!Record.SN_Incident_Number__c}</leftValue>
                        <operator>NE</operator>
                    </criteria>
                </visibilityRule>
            </componentInstance>
        </itemInstances>
        <itemInstances>
            <componentInstance>
                <componentInstanceProperties>
                    <name>columns</name>
                    <value>Facet-b37d96c4-7742-4065-9c61-b7107e17eb64</value>
                </componentInstanceProperties>
                <componentInstanceProperties>
                    <name>horizontalAlignment</name>
                    <value>false</value>
                </componentInstanceProperties>
                <componentInstanceProperties>
                    <name>label</name>
                    <value>@@@SFDCSystem_InformationSFDC@@@</value>
                </componentInstanceProperties>
                <componentName>flexipage:fieldSection</componentName>
                <identifier>flexipage_fieldSection2</identifier>
            </componentInstance>
        </itemInstances>
        <mode>Replace</mode>
        <name>detailTabContent</name>
        <type>Facet</type>
    </flexiPageRegions>
    <flexiPageRegions>
        <itemInstances>
            <componentInstance>
                <componentInstanceProperties>
                    <name>body</name>
                    <value>relatedTabContent</value>
                </componentInstanceProperties>
                <componentInstanceProperties>
                    <name>title</name>
                    <value>Standard.Tab.relatedLists</value>
                </componentInstanceProperties>
                <componentName>flexipage:tab</componentName>
                <identifier>relatedListsTab</identifier>
            </componentInstance>
        </itemInstances>
        <itemInstances>
            <componentInstance>
                <componentInstanceProperties>
                    <name>active</name>
                    <value>true</value>
                </componentInstanceProperties>
                <componentInstanceProperties>
                    <name>body</name>
                    <value>detailTabContent</value>
                </componentInstanceProperties>
                <componentInstanceProperties>
                    <name>title</name>
                    <value>Standard.Tab.detail</value>
                </componentInstanceProperties>
                <componentName>flexipage:tab</componentName>
                <identifier>detailTab</identifier>
            </componentInstance>
        </itemInstances>
        <mode>Replace</mode>
        <name>maintabs</name>
        <type>Facet</type>
    </flexiPageRegions>
    <flexiPageRegions>
        <itemInstances>
            <componentInstance>
                <componentInstanceProperties>
                    <name>label</name>
                    <value>Tabs</value>
                </componentInstanceProperties>
                <componentInstanceProperties>
                    <name>tabs</name>
                    <value>maintabs</value>
                </componentInstanceProperties>
                <componentName>flexipage:tabset</componentName>
                <identifier>flexipage_tabset</identifier>
            </componentInstance>
        </itemInstances>
        <mode>Replace</mode>
        <name>main</name>
        <type>Region</type>
    </flexiPageRegions>
    <flexiPageRegions>
        <itemInstances>
            <componentInstance>
                <componentInstanceProperties>
                    <name>showLegacyActivityComposer</name>
                    <value>false</value>
                </componentInstanceProperties>
                <componentName>runtime_sales_activities:activityPanel</componentName>
                <identifier>runtime_sales_activities_activityPanel</identifier>
            </componentInstance>
        </itemInstances>
        <mode>Replace</mode>
        <name>activityTabContent</name>
        <type>Facet</type>
    </flexiPageRegions>
    <flexiPageRegions>
        <itemInstances>
            <componentInstance>
                <componentInstanceProperties>
                    <name>active</name>
                    <value>true</value>
                </componentInstanceProperties>
                <componentInstanceProperties>
                    <name>body</name>
                    <value>activityTabContent</value>
                </componentInstanceProperties>
                <componentInstanceProperties>
                    <name>title</name>
                    <value>Standard.Tab.activity</value>
                </componentInstanceProperties>
                <componentName>flexipage:tab</componentName>
                <identifier>activityTab</identifier>
            </componentInstance>
        </itemInstances>
        <mode>Replace</mode>
        <name>sidebartabs</name>
        <type>Facet</type>
    </flexiPageRegions>
    <flexiPageRegions>
        <itemInstances>
            <componentInstance>
                <componentInstanceProperties>
                    <name>label</name>
                    <value>Tabs</value>
                </componentInstanceProperties>
                <componentInstanceProperties>
                    <name>tabs</name>
                    <value>sidebartabs</value>
                </componentInstanceProperties>
                <componentName>flexipage:tabset</componentName>
                <identifier>flexipage_tabset2</identifier>
            </componentInstance>
        </itemInstances>
        <mode>Replace</mode>
        <name>sidebar</name>
        <type>Region</type>
    </flexiPageRegions>
    <masterLabel>Telemetry Record Page</masterLabel>
    <parentFlexiPage>flexipage__default_rec_L</parentFlexiPage>
    <sobjectType>Telemetry__c</sobjectType>
    <template>
        <name>flexipage:recordHomeTemplateDesktop</name>
    </template>
    <type>RecordPage</type>
</FlexiPage>
