<?xml version="1.0" encoding="UTF-8"?>
<CustomApplication xmlns="http://soap.sforce.com/2006/04/metadata">
    <brand>
        <headerColor>#0070D2</headerColor>
        <logo>field_service_logo_icon</logo>
        <logoVersion>1</logoVersion>
        <shouldOverrideOrgTheme>false</shouldOverrideOrgTheme>
    </brand>
    <description>A tab-based workspace suited for fast-paced Field Service work environments. Recommended for Dispatchers and Field Service back office users.</description>
    <formFactors>Small</formFactors>
    <formFactors>Large</formFactors>
    <isNavAutoTempTabsDisabled>false</isNavAutoTempTabsDisabled>
    <isNavPersonalizationDisabled>false</isNavPersonalizationDisabled>
    <isNavTabPersistenceDisabled>false</isNavTabPersistenceDisabled>
    <isOmniPinnedViewEnabled>false</isOmniPinnedViewEnabled>
    <label>Field Service Console</label>
    <navType>Console</navType>
    <tabs>standard-home</tabs>
    <tabs>standard-Account</tabs>
    <tabs>standard-Contact</tabs>
    <tabs>standard-Case</tabs>
    <tabs>standard-WorkOrder</tabs>
    <tabs>standard-ServiceAppointment</tabs>
    <tabs>standard-WorkType</tabs>
    <tabs>standard-ServiceTerritory</tabs>
    <tabs>standard-ServiceResource</tabs>
    <tabs>standard-TimeSheet</tabs>
    <tabs>standard-report</tabs>
    <tabs>standard-Dashboard</tabs>
    <tabs>FSL__FieldService</tabs>
    <tabs>Maintanance__c</tabs>
    <uiType>Lightning</uiType>
    <utilityBar>Field_Service_Console_UtilityBar1</utilityBar>
    <workspaceConfig>
        <mappings>
            <tab>FSL__FieldService</tab>
        </mappings>
        <mappings>
            <tab>Maintanance__c</tab>
        </mappings>
        <mappings>
            <tab>standard-Account</tab>
        </mappings>
        <mappings>
            <fieldName>AccountId</fieldName>
            <tab>standard-Case</tab>
        </mappings>
        <mappings>
            <fieldName>AccountId</fieldName>
            <tab>standard-Contact</tab>
        </mappings>
        <mappings>
            <tab>standard-Dashboard</tab>
        </mappings>
        <mappings>
            <fieldName>AccountId</fieldName>
            <tab>standard-ServiceAppointment</tab>
        </mappings>
        <mappings>
            <tab>standard-ServiceResource</tab>
        </mappings>
        <mappings>
            <tab>standard-ServiceTerritory</tab>
        </mappings>
        <mappings>
            <fieldName>ServiceResourceId</fieldName>
            <tab>standard-TimeSheet</tab>
        </mappings>
        <mappings>
            <fieldName>AccountId</fieldName>
            <tab>standard-WorkOrder</tab>
        </mappings>
        <mappings>
            <tab>standard-WorkType</tab>
        </mappings>
        <mappings>
            <tab>standard-home</tab>
        </mappings>
        <mappings>
            <tab>standard-report</tab>
        </mappings>
    </workspaceConfig>
</CustomApplication>
