<?xml version="1.0" encoding="UTF-8"?>
<CustomApplication xmlns="http://soap.sforce.com/2006/04/metadata">
    <brand>
        <headerColor>#171818</headerColor>
        <logo>PRAVALLOGO_1</logo>
        <logoVersion>1</logoVersion>
        <shouldOverrideOrgTheme>false</shouldOverrideOrgTheme>
    </brand>
    <description>Salesforce can use IoT sensor data (like machine vibrations and temperatures) to predict equipment failures with Einstein AI. It auto-creates high-priority work orders, dispatches the nearest skilled technician via Field Service, and syncs alerts to Servi</description>
    <formFactors>Small</formFactors>
    <formFactors>Large</formFactors>
    <isNavAutoTempTabsDisabled>false</isNavAutoTempTabsDisabled>
    <isNavPersonalizationDisabled>false</isNavPersonalizationDisabled>
    <isNavTabPersistenceDisabled>false</isNavTabPersistenceDisabled>
    <isOmniPinnedViewEnabled>false</isOmniPinnedViewEnabled>
    <label>Predictive Maintenance</label>
    <navType>Standard</navType>
    <tabs>standard-Asset</tabs>
    <tabs>Telemetry__c</tabs>
    <tabs>standard-WorkOrder</tabs>
    <tabs>standard-ServiceAppointment</tabs>
    <tabs>standard-ServiceResource</tabs>
    <tabs>standard-ServiceTerritory</tabs>
    <tabs>Maintanance__c</tabs>
    <uiType>Lightning</uiType>
    <utilityBar>Predictive_Maintenance_UtilityBar</utilityBar>
</CustomApplication>
