<?xml version="1.0" encoding="UTF-8"?>
<DataStreamDefinition xmlns="http://soap.sforce.com/2006/04/metadata">
    <areHeadersIncludedInFile>false</areHeadersIncludedInFile>
    <bulkIngest>false</bulkIngest>
    <creationType>Custom</creationType>
    <dataConnector>SalesforceDotCom_Home</dataConnector>
    <dataConnectorType>SalesforceDotCom</dataConnectorType>
    <dataExtractMethods>FULL_REFRESH</dataExtractMethods>
    <dataPlatformDataSetItemName>SFDC</dataPlatformDataSetItemName>
    <dataSource>Salesforce_Home</dataSource>
    <isLimitedToNewFiles>false</isLimitedToNewFiles>
    <isMissingFileFailure>false</isMissingFileFailure>
    <masterLabel>Telemetry__c_Home</masterLabel>
    <mktDataLakeObject>Telemetry_c_Home__dll</mktDataLakeObject>
    <mktDataTranObject>Telemetry_c_Home</mktDataTranObject>
</DataStreamDefinition>
