<?xml version="1.0" encoding="UTF-8"?>
<Flow xmlns="http://soap.sforce.com/2006/04/metadata">
    <apiVersion>65.0</apiVersion>
    <areMetricsLoggedToDataCloud>false</areMetricsLoggedToDataCloud>
    <assignments>
        <name>Initialize_AllDone</name>
        <label>Initialize AllDone</label>
        <locationX>0</locationX>
        <locationY>0</locationY>
        <assignmentItems>
            <assignToReference>AllDone</assignToReference>
            <operator>Assign</operator>
            <value>
                <booleanValue>true</booleanValue>
            </value>
        </assignmentItems>
        <connector>
            <targetReference>Loop_Service_Appointments</targetReference>
        </connector>
    </assignments>
    <assignments>
        <name>Mark_Not_All_Done</name>
        <label>Mark Not All Done</label>
        <locationX>0</locationX>
        <locationY>0</locationY>
        <assignmentItems>
            <assignToReference>AllDone</assignToReference>
            <operator>Assign</operator>
            <value>
                <booleanValue>false</booleanValue>
            </value>
        </assignmentItems>
        <connector>
            <targetReference>Close_Work_Order</targetReference>
        </connector>
    </assignments>
    <decisions>
        <name>Close_Work_Order</name>
        <label>Close Work Order?</label>
        <locationX>0</locationX>
        <locationY>0</locationY>
        <defaultConnector>
            <targetReference>Loop_Service_Appointments</targetReference>
        </defaultConnector>
        <defaultConnectorLabel>Do Nothing</defaultConnectorLabel>
        <rules>
            <name>Yes_Close</name>
            <conditionLogic>and</conditionLogic>
            <conditions>
                <leftValueReference>Get_Work_Order.Status</leftValueReference>
                <operator>NotEqualTo</operator>
                <rightValue>
                    <stringValue>Closed</stringValue>
                </rightValue>
            </conditions>
            <connector>
                <targetReference>Close_WorkOrder</targetReference>
            </connector>
            <label>Yes Close</label>
        </rules>
    </decisions>
    <decisions>
        <name>Is_Appointment_Incomplete</name>
        <label>Is Appointment Incomplete</label>
        <locationX>0</locationX>
        <locationY>0</locationY>
        <defaultConnector>
            <targetReference>Close_Work_Order</targetReference>
        </defaultConnector>
        <defaultConnectorLabel>Done</defaultConnectorLabel>
        <rules>
            <name>Not_Done</name>
            <conditionLogic>and</conditionLogic>
            <conditions>
                <leftValueReference>Loop_Service_Appointments.Status</leftValueReference>
                <operator>NotEqualTo</operator>
                <rightValue>
                    <stringValue>Cannot Complete</stringValue>
                </rightValue>
            </conditions>
            <conditions>
                <leftValueReference>Loop_Service_Appointments.Status</leftValueReference>
                <operator>NotEqualTo</operator>
                <rightValue>
                    <stringValue>Completed</stringValue>
                </rightValue>
            </conditions>
            <conditions>
                <leftValueReference>Loop_Service_Appointments.Status</leftValueReference>
                <operator>NotEqualTo</operator>
                <rightValue>
                    <stringValue>Canceled</stringValue>
                </rightValue>
            </conditions>
            <connector>
                <targetReference>Mark_Not_All_Done</targetReference>
            </connector>
            <label>Not Done</label>
        </rules>
    </decisions>
    <decisions>
        <name>Predictive_Repair_Only</name>
        <label>Predictive Repair Only</label>
        <locationX>0</locationX>
        <locationY>0</locationY>
        <defaultConnectorLabel>Not Predictive Repair</defaultConnectorLabel>
        <rules>
            <name>Is_Predictive_Repair</name>
            <conditionLogic>and</conditionLogic>
            <conditions>
                <leftValueReference>Get_Work_Order.WorkType.Name</leftValueReference>
                <operator>EqualTo</operator>
                <rightValue>
                    <stringValue>Predictive Repair</stringValue>
                </rightValue>
            </conditions>
            <connector>
                <targetReference>Get_All_Service_Appointments</targetReference>
            </connector>
            <label>Is Predictive Repair</label>
        </rules>
    </decisions>
    <environments>Default</environments>
    <interviewLabel>Auto Close Work Order {!$Flow.CurrentDateTime}</interviewLabel>
    <label>Auto Close Work Order</label>
    <loops>
        <name>Loop_Service_Appointments</name>
        <label>Loop Service Appointments</label>
        <locationX>0</locationX>
        <locationY>0</locationY>
        <collectionReference>Get_All_Service_Appointments</collectionReference>
        <iterationOrder>Asc</iterationOrder>
        <nextValueConnector>
            <targetReference>Is_Appointment_Incomplete</targetReference>
        </nextValueConnector>
    </loops>
    <processMetadataValues>
        <name>BuilderType</name>
        <value>
            <stringValue>LightningFlowBuilder</stringValue>
        </value>
    </processMetadataValues>
    <processMetadataValues>
        <name>CanvasMode</name>
        <value>
            <stringValue>AUTO_LAYOUT_CANVAS</stringValue>
        </value>
    </processMetadataValues>
    <processMetadataValues>
        <name>OriginBuilderType</name>
        <value>
            <stringValue>LightningFlowBuilder</stringValue>
        </value>
    </processMetadataValues>
    <processType>AutoLaunchedFlow</processType>
    <recordLookups>
        <name>Get_All_Service_Appointments</name>
        <label>Get All Service Appointments</label>
        <locationX>0</locationX>
        <locationY>0</locationY>
        <assignNullValuesIfNoRecordsFound>false</assignNullValuesIfNoRecordsFound>
        <connector>
            <targetReference>Initialize_AllDone</targetReference>
        </connector>
        <filterLogic>and</filterLogic>
        <filters>
            <field>ParentRecordId</field>
            <operator>EqualTo</operator>
            <value>
                <elementReference>Get_Work_Order.Id</elementReference>
            </value>
        </filters>
        <getFirstRecordOnly>false</getFirstRecordOnly>
        <object>ServiceAppointment</object>
        <storeOutputAutomatically>true</storeOutputAutomatically>
    </recordLookups>
    <recordLookups>
        <name>Get_Work_Order</name>
        <label>Get Work Order</label>
        <locationX>0</locationX>
        <locationY>0</locationY>
        <assignNullValuesIfNoRecordsFound>false</assignNullValuesIfNoRecordsFound>
        <connector>
            <targetReference>Predictive_Repair_Only</targetReference>
        </connector>
        <filterLogic>and</filterLogic>
        <filters>
            <field>Id</field>
            <operator>EqualTo</operator>
            <value>
                <elementReference>$Record.ParentRecordId</elementReference>
            </value>
        </filters>
        <getFirstRecordOnly>true</getFirstRecordOnly>
        <object>WorkOrder</object>
        <storeOutputAutomatically>true</storeOutputAutomatically>
    </recordLookups>
    <recordUpdates>
        <name>Close_WorkOrder</name>
        <label>Close WorkOrder</label>
        <locationX>0</locationX>
        <locationY>0</locationY>
        <connector>
            <targetReference>Loop_Service_Appointments</targetReference>
        </connector>
        <filterLogic>and</filterLogic>
        <filters>
            <field>Id</field>
            <operator>EqualTo</operator>
            <value>
                <elementReference>Get_Work_Order.Id</elementReference>
            </value>
        </filters>
        <inputAssignments>
            <field>Status</field>
            <value>
                <stringValue>Closed</stringValue>
            </value>
        </inputAssignments>
        <object>WorkOrder</object>
    </recordUpdates>
    <start>
        <locationX>0</locationX>
        <locationY>0</locationY>
        <connector>
            <targetReference>Get_Work_Order</targetReference>
        </connector>
        <filterLogic>1 AND (2 OR 3 OR 4)</filterLogic>
        <filters>
            <field>Status</field>
            <operator>IsChanged</operator>
            <value>
                <booleanValue>true</booleanValue>
            </value>
        </filters>
        <filters>
            <field>Status</field>
            <operator>EqualTo</operator>
            <value>
                <stringValue>Completed</stringValue>
            </value>
        </filters>
        <filters>
            <field>Status</field>
            <operator>EqualTo</operator>
            <value>
                <stringValue>Cannot Complete</stringValue>
            </value>
        </filters>
        <filters>
            <field>Status</field>
            <operator>EqualTo</operator>
            <value>
                <stringValue>Canceled</stringValue>
            </value>
        </filters>
        <object>ServiceAppointment</object>
        <recordTriggerType>Update</recordTriggerType>
        <triggerType>RecordAfterSave</triggerType>
    </start>
    <status>Active</status>
    <variables>
        <name>AllDone</name>
        <dataType>Boolean</dataType>
        <isCollection>false</isCollection>
        <isInput>false</isInput>
        <isOutput>false</isOutput>
        <value>
            <booleanValue>true</booleanValue>
        </value>
    </variables>
</Flow>
