<?xml version="1.0" encoding="UTF-8"?>
<Flow xmlns="http://soap.sforce.com/2006/04/metadata">
    <actionCalls>
        <name>Prediction_model</name>
        <label>Prediction model</label>
        <locationX>725</locationX>
        <locationY>432</locationY>
        <actionName>Predicted_Is_Failure_New_CM_12l_OxJ7c8441c3</actionName>
        <actionType>cdpMlPrediction</actionType>
        <connector>
            <targetReference>update_fault_probability</targetReference>
        </connector>
        <flowTransactionModel>CurrentTransaction</flowTransactionModel>
        <inputParameters>
            <name>maxTopFactors</name>
            <value>
                <elementReference>varFaultProbability</elementReference>
            </value>
        </inputParameters>
        <inputParameters>
            <name>param_Hours_Since_Service_c__c</name>
            <value>
                <elementReference>$Record.Hours_Since_Service__c</elementReference>
            </value>
        </inputParameters>
        <inputParameters>
            <name>param_Asset_c__c</name>
            <value>
                <elementReference>Get_Asset.Name</elementReference>
            </value>
        </inputParameters>
        <inputParameters>
            <name>param_Machine_Age_Months_c__c</name>
            <value>
                <elementReference>$Record.Machine_Age_Months__c</elementReference>
            </value>
        </inputParameters>
        <inputParameters>
            <name>param_Name__c</name>
            <value>
                <elementReference>$Record.Name</elementReference>
            </value>
        </inputParameters>
        <inputParameters>
            <name>param_Temperature_c__c</name>
            <value>
                <elementReference>$Record.Temperature__c</elementReference>
            </value>
        </inputParameters>
        <nameSegment>Predicted_Is_Failure_New_CM_12l_OxJ7c8441c3</nameSegment>
        <offset>0</offset>
        <outputParameters>
            <assignToReference>varFaultProbability</assignToReference>
            <name>prediction</name>
        </outputParameters>
    </actionCalls>
    <apiVersion>65.0</apiVersion>
    <areMetricsLoggedToDataCloud>false</areMetricsLoggedToDataCloud>
    <decisions>
        <name>Is_failure</name>
        <label>Is failure?</label>
        <locationX>725</locationX>
        <locationY>648</locationY>
        <defaultConnector>
            <targetReference>update_is_failure_false</targetReference>
        </defaultConnector>
        <defaultConnectorLabel>no</defaultConnectorLabel>
        <rules>
            <name>yes</name>
            <conditionLogic>and</conditionLogic>
            <conditions>
                <leftValueReference>ProabbabilityFailureScore</leftValueReference>
                <operator>EqualTo</operator>
                <rightValue>
                    <numberValue>70.0</numberValue>
                </rightValue>
            </conditions>
            <connector>
                <targetReference>update_is_failure_true</targetReference>
            </connector>
            <label>yes</label>
        </rules>
    </decisions>
    <environments>Default</environments>
    <formulas>
        <name>ProabbabilityFailureScore</name>
        <dataType>Number</dataType>
        <expression>100-{!varFaultProbability}</expression>
        <scale>2</scale>
    </formulas>
    <interviewLabel>Calculate failure probability {!$Flow.CurrentDateTime}</interviewLabel>
    <label>Calculate failure probability</label>
    <processMetadataValues>
        <name>BuilderType</name>
        <value>
            <stringValue>LightningFlowBuilder</stringValue>
        </value>
    </processMetadataValues>
    <processMetadataValues>
        <name>CanvasMode</name>
        <value>
            <stringValue>FREE_FORM_CANVAS</stringValue>
        </value>
    </processMetadataValues>
    <processMetadataValues>
        <name>OriginBuilderType</name>
        <value>
            <stringValue>LightningFlowBuilder</stringValue>
        </value>
    </processMetadataValues>
    <processType>AutoLaunchedFlow</processType>
    <recordLookups>
        <name>Get_Asset</name>
        <label>Get Asset</label>
        <locationX>725</locationX>
        <locationY>324</locationY>
        <assignNullValuesIfNoRecordsFound>false</assignNullValuesIfNoRecordsFound>
        <connector>
            <targetReference>Prediction_model</targetReference>
        </connector>
        <filterLogic>and</filterLogic>
        <filters>
            <field>Id</field>
            <operator>EqualTo</operator>
            <value>
                <elementReference>$Record.Asset__c</elementReference>
            </value>
        </filters>
        <getFirstRecordOnly>true</getFirstRecordOnly>
        <object>Asset</object>
        <storeOutputAutomatically>true</storeOutputAutomatically>
    </recordLookups>
    <recordUpdates>
        <name>update_fault_probability</name>
        <label>update fault probability</label>
        <locationX>490</locationX>
        <locationY>553</locationY>
        <connector>
            <targetReference>Is_failure</targetReference>
        </connector>
        <inputAssignments>
            <field>Failure_Probability__c</field>
            <value>
                <elementReference>ProabbabilityFailureScore</elementReference>
            </value>
        </inputAssignments>
        <inputReference>$Record</inputReference>
    </recordUpdates>
    <recordUpdates>
        <name>update_is_failure_false</name>
        <label>update is failure false</label>
        <locationX>857</locationX>
        <locationY>756</locationY>
        <inputAssignments>
            <field>Is_Failure__c</field>
            <value>
                <booleanValue>false</booleanValue>
            </value>
        </inputAssignments>
        <inputReference>$Record</inputReference>
    </recordUpdates>
    <recordUpdates>
        <name>update_is_failure_true</name>
        <label>update is failure true</label>
        <locationX>593</locationX>
        <locationY>756</locationY>
        <inputAssignments>
            <field>Is_Failure__c</field>
            <value>
                <booleanValue>true</booleanValue>
            </value>
        </inputAssignments>
        <inputReference>$Record</inputReference>
    </recordUpdates>
    <start>
        <locationX>401</locationX>
        <locationY>48</locationY>
        <filterLogic>and</filterLogic>
        <filters>
            <field>Failure_Probability__c</field>
            <operator>IsNull</operator>
            <value>
                <booleanValue>true</booleanValue>
            </value>
        </filters>
        <filters>
            <field>Name</field>
            <operator>IsNull</operator>
            <value>
                <booleanValue>false</booleanValue>
            </value>
        </filters>
        <filters>
            <field>Temperature__c</field>
            <operator>IsNull</operator>
            <value>
                <booleanValue>false</booleanValue>
            </value>
        </filters>
        <filters>
            <field>Vibration__c</field>
            <operator>IsNull</operator>
            <value>
                <booleanValue>false</booleanValue>
            </value>
        </filters>
        <filters>
            <field>Asset__c</field>
            <operator>IsNull</operator>
            <value>
                <booleanValue>false</booleanValue>
            </value>
        </filters>
        <object>Telemetry__c</object>
        <recordTriggerType>CreateAndUpdate</recordTriggerType>
        <scheduledPaths>
            <name>X1_minute_after</name>
            <connector>
                <targetReference>Get_Asset</targetReference>
            </connector>
            <label>1 minute after</label>
            <maxBatchSize>1</maxBatchSize>
            <offsetNumber>1</offsetNumber>
            <offsetUnit>Minutes</offsetUnit>
            <recordField>CreatedDate</recordField>
            <timeSource>RecordField</timeSource>
        </scheduledPaths>
        <triggerType>RecordAfterSave</triggerType>
    </start>
    <status>Obsolete</status>
    <variables>
        <name>varFaultProbability</name>
        <dataType>Number</dataType>
        <isCollection>false</isCollection>
        <isInput>false</isInput>
        <isOutput>false</isOutput>
        <scale>2</scale>
    </variables>
</Flow>
