<?xml version="1.0" encoding="UTF-8"?>
<Flow xmlns="http://soap.sforce.com/2006/04/metadata">
    <apiVersion>65.0</apiVersion>
    <areMetricsLoggedToDataCloud>false</areMetricsLoggedToDataCloud>
    <decisions>
        <name>Is_Work_Order_Schedulable</name>
        <label>“Is Work Order Schedulable?”</label>
        <locationX>0</locationX>
        <locationY>0</locationY>
        <defaultConnectorLabel>Default Outcome</defaultConnectorLabel>
        <rules>
            <name>SchedulableSA</name>
            <conditionLogic>and</conditionLogic>
            <conditions>
                <leftValueReference>$Record.WorkTypeId</leftValueReference>
                <operator>IsNull</operator>
                <rightValue>
                    <booleanValue>false</booleanValue>
                </rightValue>
            </conditions>
            <conditions>
                <leftValueReference>$Record.ServiceTerritoryId</leftValueReference>
                <operator>IsNull</operator>
                <rightValue>
                    <booleanValue>false</booleanValue>
                </rightValue>
            </conditions>
            <conditions>
                <leftValueReference>Get_WorkType_Records.EstimatedDuration</leftValueReference>
                <operator>IsNull</operator>
                <rightValue>
                    <booleanValue>false</booleanValue>
                </rightValue>
            </conditions>
            <connector>
                <targetReference>Create_Service_Appointment</targetReference>
            </connector>
            <label>Schedulable SA</label>
        </rules>
    </decisions>
    <environments>Default</environments>
    <interviewLabel>Creating Schedule Appointment {!$Flow.CurrentDateTime}</interviewLabel>
    <label>Creating Schedule Appointment</label>
    <processMetadataValues>
        <name>BuilderType</name>
        <value>
            <stringValue>LightningFlowBuilder</stringValue>
        </value>
    </processMetadataValues>
    <processMetadataValues>
        <name>CanvasMode</name>
        <value>
            <stringValue>AUTO_LAYOUT_CANVAS</stringValue>
        </value>
    </processMetadataValues>
    <processMetadataValues>
        <name>OriginBuilderType</name>
        <value>
            <stringValue>LightningFlowBuilder</stringValue>
        </value>
    </processMetadataValues>
    <processType>AutoLaunchedFlow</processType>
    <recordCreates>
        <name>Create_Service_Appointment</name>
        <label>Create Service Appointment</label>
        <locationX>0</locationX>
        <locationY>0</locationY>
        <inputAssignments>
            <field>ContactId</field>
            <value>
                <elementReference>$Record.ContactId</elementReference>
            </value>
        </inputAssignments>
        <inputAssignments>
            <field>DueDate</field>
            <value>
                <elementReference>$Record.EndDate</elementReference>
            </value>
        </inputAssignments>
        <inputAssignments>
            <field>Duration</field>
            <value>
                <elementReference>Get_WorkType_Records.EstimatedDuration</elementReference>
            </value>
        </inputAssignments>
        <inputAssignments>
            <field>EarliestStartTime</field>
            <value>
                <elementReference>$Flow.CurrentDateTime</elementReference>
            </value>
        </inputAssignments>
        <inputAssignments>
            <field>ParentRecordId</field>
            <value>
                <elementReference>$Record.Id</elementReference>
            </value>
        </inputAssignments>
        <inputAssignments>
            <field>ServiceTerritoryId</field>
            <value>
                <elementReference>$Record.ServiceTerritoryId</elementReference>
            </value>
        </inputAssignments>
        <inputAssignments>
            <field>Status</field>
            <value>
                <stringValue>New</stringValue>
            </value>
        </inputAssignments>
        <inputAssignments>
            <field>WorkTypeId</field>
            <value>
                <elementReference>$Record.WorkTypeId</elementReference>
            </value>
        </inputAssignments>
        <object>ServiceAppointment</object>
        <storeOutputAutomatically>true</storeOutputAutomatically>
    </recordCreates>
    <recordLookups>
        <name>Get_WorkType_Records</name>
        <label>Get WorkType Records</label>
        <locationX>0</locationX>
        <locationY>0</locationY>
        <assignNullValuesIfNoRecordsFound>false</assignNullValuesIfNoRecordsFound>
        <connector>
            <targetReference>Is_Work_Order_Schedulable</targetReference>
        </connector>
        <filterLogic>and</filterLogic>
        <filters>
            <field>Id</field>
            <operator>EqualTo</operator>
            <value>
                <elementReference>$Record.WorkTypeId</elementReference>
            </value>
        </filters>
        <getFirstRecordOnly>true</getFirstRecordOnly>
        <object>WorkType</object>
        <queriedFields>Id</queriedFields>
        <queriedFields>EstimatedDuration</queriedFields>
        <storeOutputAutomatically>true</storeOutputAutomatically>
    </recordLookups>
    <start>
        <locationX>0</locationX>
        <locationY>0</locationY>
        <connector>
            <targetReference>Get_WorkType_Records</targetReference>
        </connector>
        <filterLogic>and</filterLogic>
        <filters>
            <field>WorkTypeId</field>
            <operator>IsNull</operator>
            <value>
                <booleanValue>false</booleanValue>
            </value>
        </filters>
        <filters>
            <field>WorkTypeId</field>
            <operator>IsChanged</operator>
            <value>
                <booleanValue>true</booleanValue>
            </value>
        </filters>
        <object>WorkOrder</object>
        <recordTriggerType>CreateAndUpdate</recordTriggerType>
        <triggerType>RecordAfterSave</triggerType>
    </start>
    <status>Obsolete</status>
</Flow>
