<?xml version="1.0" encoding="UTF-8"?>
<Flow xmlns="http://soap.sforce.com/2006/04/metadata">
    <areMetricsLoggedToDataCloud>false</areMetricsLoggedToDataCloud>
    <choices>
        <name>S_332043c5_d7a0_4d35_8332_dd54294fe29d</name>
        <choiceText>3</choiceText>
        <dataType>Number</dataType>
        <value>
            <numberValue>3.0</numberValue>
        </value>
    </choices>
    <choices>
        <name>S_4532106c_8c9c_453c_8981_2c3cb49ada64</name>
        <choiceText>2</choiceText>
        <dataType>Number</dataType>
        <value>
            <numberValue>2.0</numberValue>
        </value>
    </choices>
    <choices>
        <name>S_85342380_e123_488c_982d_95ee79ca12a9</name>
        <choiceText>4</choiceText>
        <dataType>Number</dataType>
        <value>
            <numberValue>4.0</numberValue>
        </value>
    </choices>
    <choices>
        <name>S_9a6ed196_3fc8_4952_9fc4_4cc01d22af85</name>
        <choiceText>Bad</choiceText>
        <dataType>Number</dataType>
        <value>
            <numberValue>1.0</numberValue>
        </value>
    </choices>
    <choices>
        <name>S_ddbe9ef5_09a5_427e_8f34_8a773984057d</name>
        <choiceText>Good</choiceText>
        <dataType>Number</dataType>
        <value>
            <numberValue>5.0</numberValue>
        </value>
    </choices>
    <interviewLabel>Customer Satisfaction</interviewLabel>
    <label>Customer Satisfaction</label>
    <processMetadataValues>
        <name>advanceThankYouPageEnabled</name>
        <value>
            <booleanValue>false</booleanValue>
        </value>
    </processMetadataValues>
    <processMetadataValues>
        <name>autoProgressEnabled</name>
        <value>
            <booleanValue>false</booleanValue>
        </value>
    </processMetadataValues>
    <processMetadataValues>
        <name>autosaveTimeWindow</name>
        <value>
            <numberValue>5.0</numberValue>
        </value>
    </processMetadataValues>
    <processMetadataValues>
        <name>hasWelcomePage</name>
        <value>
            <booleanValue>false</booleanValue>
        </value>
    </processMetadataValues>
    <processMetadataValues>
        <name>isAutosaveEnabled</name>
        <value>
            <booleanValue>false</booleanValue>
        </value>
    </processMetadataValues>
    <processMetadataValues>
        <name>isSimpleSurvey</name>
        <value>
            <booleanValue>false</booleanValue>
        </value>
    </processMetadataValues>
    <processMetadataValues>
        <name>overrideActiveVersion</name>
        <value>
            <booleanValue>false</booleanValue>
        </value>
    </processMetadataValues>
    <processMetadataValues>
        <name>surveyType</name>
        <value>
            <stringValue>Survey</stringValue>
        </value>
    </processMetadataValues>
    <processType>Survey</processType>
    <screens>
        <name>surveyQuestionPage</name>
        <label>Page 1</label>
        <locationX>0</locationX>
        <locationY>0</locationY>
        <allowBack>true</allowBack>
        <allowFinish>true</allowFinish>
        <allowPause>true</allowPause>
        <fields>
            <processMetadataValues>
                <name>autoProgressAction</name>
                <value>
                    <stringValue>NONE</stringValue>
                </value>
            </processMetadataValues>
            <processMetadataValues>
                <name>defaultValue</name>
                <value>
                    <elementReference>var_q_ac318eda_e2c6_4973_988f_33fdbfdfb1a4_defaultValue</elementReference>
                </value>
            </processMetadataValues>
            <name>q_ac318eda_e2c6_4973_988f_33fdbfdfb1a4</name>
            <choiceReferences>S_9a6ed196_3fc8_4952_9fc4_4cc01d22af85</choiceReferences>
            <choiceReferences>S_4532106c_8c9c_453c_8981_2c3cb49ada64</choiceReferences>
            <choiceReferences>S_332043c5_d7a0_4d35_8332_dd54294fe29d</choiceReferences>
            <choiceReferences>S_85342380_e123_488c_982d_95ee79ca12a9</choiceReferences>
            <choiceReferences>S_ddbe9ef5_09a5_427e_8f34_8a773984057d</choiceReferences>
            <dataType>Number</dataType>
            <extensionName>survey:runtimeRating</extensionName>
            <fieldText>How would you rate our service?</fieldText>
            <fieldType>ComponentChoice</fieldType>
            <isRequired>false</isRequired>
            <scale>0</scale>
            <styleProperties>
                <verticalAlignment>
                    <stringValue>top</stringValue>
                </verticalAlignment>
                <width>
                    <stringValue>12</stringValue>
                </width>
            </styleProperties>
        </fields>
        <fields>
            <processMetadataValues>
                <name>autoProgressAction</name>
                <value>
                    <stringValue>NONE</stringValue>
                </value>
            </processMetadataValues>
            <name>q_95da4235_3dcf_4102_9d0e_cff574d68cc6</name>
            <dataType>String</dataType>
            <fieldText>Any comments or feedback for us?</fieldText>
            <fieldType>InputField</fieldType>
            <isRequired>false</isRequired>
            <styleProperties>
                <verticalAlignment>
                    <stringValue>top</stringValue>
                </verticalAlignment>
                <width>
                    <stringValue>12</stringValue>
                </width>
            </styleProperties>
        </fields>
        <pausedText>To pick up where you left off, refresh this page, or open the survey again.</pausedText>
        <showFooter>true</showFooter>
        <showHeader>true</showHeader>
    </screens>
    <startElementReference>surveyQuestionPage</startElementReference>
    <status>Active</status>
    <textTemplates>
        <name>thankYouDescriptionTextTemplate</name>
        <isViewedAsPlainText>false</isViewedAsPlainText>
        <text></text>
    </textTemplates>
    <textTemplates>
        <name>thankYouLabelTextTemplate</name>
        <isViewedAsPlainText>false</isViewedAsPlainText>
        <text>Thanks for participating!</text>
    </textTemplates>
    <variables>
        <name>guestUserLang</name>
        <dataType>String</dataType>
        <isCollection>false</isCollection>
        <isInput>true</isInput>
        <isOutput>true</isOutput>
    </variables>
    <variables>
        <name>invitationId</name>
        <dataType>String</dataType>
        <isCollection>false</isCollection>
        <isInput>true</isInput>
        <isOutput>true</isOutput>
        <value>
            <stringValue></stringValue>
        </value>
    </variables>
    <variables>
        <name>previewMode</name>
        <dataType>Boolean</dataType>
        <isCollection>false</isCollection>
        <isInput>true</isInput>
        <isOutput>true</isOutput>
        <value>
            <booleanValue>false</booleanValue>
        </value>
    </variables>
    <variables>
        <name>thankYouDescription</name>
        <dataType>String</dataType>
        <isCollection>false</isCollection>
        <isInput>true</isInput>
        <isOutput>true</isOutput>
        <value>
            <stringValue>{!thankYouDescriptionTextTemplate}</stringValue>
        </value>
    </variables>
    <variables>
        <name>thankYouLabel</name>
        <dataType>String</dataType>
        <isCollection>false</isCollection>
        <isInput>true</isInput>
        <isOutput>true</isOutput>
        <value>
            <stringValue>{!thankYouLabelTextTemplate}</stringValue>
        </value>
    </variables>
    <variables>
        <name>var_q_ac318eda_e2c6_4973_988f_33fdbfdfb1a4_defaultValue</name>
        <dataType>String</dataType>
        <isCollection>false</isCollection>
        <isInput>true</isInput>
        <isOutput>false</isOutput>
    </variables>
</Flow>
