<?xml version="1.0" encoding="UTF-8"?>
<Flow xmlns="http://soap.sforce.com/2006/04/metadata">
    <areMetricsLoggedToDataCloud>false</areMetricsLoggedToDataCloud>
    <assignments>
        <name>pageNamesInOrder_Assignment</name>
        <label>pageNamesInOrder_Assignment</label>
        <locationX>0</locationX>
        <locationY>0</locationY>
        <assignmentItems>
            <assignToReference>pageNamesInOrder</assignToReference>
            <operator>Add</operator>
            <value>
                <stringValue>p_d2030b13_d523_4057_ad25_c2d8a602efe5</stringValue>
            </value>
        </assignmentItems>
        <assignmentItems>
            <assignToReference>pageNamesInOrder</assignToReference>
            <operator>Add</operator>
            <value>
                <stringValue>thank_you_page</stringValue>
            </value>
        </assignmentItems>
        <connector>
            <targetReference>p_d2030b13_d523_4057_ad25_c2d8a602efe5</targetReference>
        </connector>
    </assignments>
    <choices>
        <name>c_021bb1fc_c7ba_401e_8951_886e70540f64</name>
        <choiceText>Needs work</choiceText>
        <dataType>Number</dataType>
        <value>
            <numberValue>1.0</numberValue>
        </value>
    </choices>
    <choices>
        <name>c_04b985c6_4b2a_450f_827b_c7a3b2b2d8b1</name>
        <choiceText>3</choiceText>
        <dataType>Number</dataType>
        <value>
            <numberValue>3.0</numberValue>
        </value>
    </choices>
    <choices>
        <name>c_0c0af968_e532_4281_9792_31992b69615a</name>
        <choiceText>2</choiceText>
        <dataType>Number</dataType>
        <value>
            <numberValue>2.0</numberValue>
        </value>
    </choices>
    <choices>
        <name>c_169b8fef_dfa5_447f_82c3_4d0930a76e97</name>
        <choiceText>3</choiceText>
        <dataType>Number</dataType>
        <value>
            <numberValue>3.0</numberValue>
        </value>
    </choices>
    <choices>
        <name>c_1d451ac0_a65f_4b67_9ee9_f0844204d1d8</name>
        <choiceText>Excellent</choiceText>
        <dataType>Number</dataType>
        <value>
            <numberValue>5.0</numberValue>
        </value>
    </choices>
    <choices>
        <name>c_33216fdd_1d3f_4778_9a64_b4058e4c5798</name>
        <choiceText>4</choiceText>
        <dataType>Number</dataType>
        <value>
            <numberValue>4.0</numberValue>
        </value>
    </choices>
    <choices>
        <name>c_34a98fb7_fd2d_4a68_82d7_7c483bd7bf84</name>
        <choiceText>4</choiceText>
        <dataType>Number</dataType>
        <value>
            <numberValue>4.0</numberValue>
        </value>
    </choices>
    <choices>
        <name>c_34b3f406_7581_4fe3_b4a0_3afb58df117a</name>
        <choiceText>4</choiceText>
        <dataType>Number</dataType>
        <value>
            <numberValue>4.0</numberValue>
        </value>
    </choices>
    <choices>
        <name>c_474286c7_494e_4c3c_b6db_d491867089fa</name>
        <choiceText>Excellent</choiceText>
        <dataType>Number</dataType>
        <value>
            <numberValue>5.0</numberValue>
        </value>
    </choices>
    <choices>
        <name>c_549ef69e_48a1_413c_9e6b_a3437731511f</name>
        <choiceText>2</choiceText>
        <dataType>Number</dataType>
        <value>
            <numberValue>2.0</numberValue>
        </value>
    </choices>
    <choices>
        <name>c_57606855_0adc_424f_9810_00e248ffecf4</name>
        <choiceText>Excellent</choiceText>
        <dataType>Number</dataType>
        <value>
            <numberValue>5.0</numberValue>
        </value>
    </choices>
    <choices>
        <name>c_76aa3652_2c65_4bb3_9d4b_e3417c2961d1</name>
        <choiceText>4</choiceText>
        <dataType>Number</dataType>
        <value>
            <numberValue>4.0</numberValue>
        </value>
    </choices>
    <choices>
        <name>c_8564d98e_42cc_4b59_bfed_a015df280b31</name>
        <choiceText>Needs work</choiceText>
        <dataType>Number</dataType>
        <value>
            <numberValue>1.0</numberValue>
        </value>
    </choices>
    <choices>
        <name>c_90a944d2_3db4_4674_a5dd_a861e1aee8a2</name>
        <choiceText>3</choiceText>
        <dataType>Number</dataType>
        <value>
            <numberValue>3.0</numberValue>
        </value>
    </choices>
    <choices>
        <name>c_93d9ce9d_63e0_4b7f_9f04_795c7c6456d5</name>
        <choiceText>2</choiceText>
        <dataType>Number</dataType>
        <value>
            <numberValue>2.0</numberValue>
        </value>
    </choices>
    <choices>
        <name>c_99d953b9_bb4f_4977_9629_4f244545ae39</name>
        <choiceText>Excellent</choiceText>
        <dataType>Number</dataType>
        <value>
            <numberValue>5.0</numberValue>
        </value>
    </choices>
    <choices>
        <name>c_a40f53e5_c7a3_4ae2_881e_75c0822f9ab3</name>
        <choiceText>2</choiceText>
        <dataType>Number</dataType>
        <value>
            <numberValue>2.0</numberValue>
        </value>
    </choices>
    <choices>
        <name>c_b43d2402_5ac9_4477_9dc1_6beb2b6f25ac</name>
        <choiceText>2</choiceText>
        <dataType>Number</dataType>
        <value>
            <numberValue>2.0</numberValue>
        </value>
    </choices>
    <choices>
        <name>c_d4c18153_2382_427d_9779_4aff55da8963</name>
        <choiceText>Needs work</choiceText>
        <dataType>Number</dataType>
        <value>
            <numberValue>1.0</numberValue>
        </value>
    </choices>
    <choices>
        <name>c_d7936c2e_7513_4196_8108_123de14eb17a</name>
        <choiceText>Needs work</choiceText>
        <dataType>Number</dataType>
        <value>
            <numberValue>1.0</numberValue>
        </value>
    </choices>
    <choices>
        <name>c_db8d0610_1b4b_412f_ab47_791a841237f3</name>
        <choiceText>3</choiceText>
        <dataType>Number</dataType>
        <value>
            <numberValue>3.0</numberValue>
        </value>
    </choices>
    <choices>
        <name>c_dd6a7069_cb99_46d7_8a99_1a255aa0176e</name>
        <choiceText>Needs work</choiceText>
        <dataType>Number</dataType>
        <value>
            <numberValue>1.0</numberValue>
        </value>
    </choices>
    <choices>
        <name>c_df2b725a_35b7_4151_b86b_4b7e22db818b</name>
        <choiceText>3</choiceText>
        <dataType>Number</dataType>
        <value>
            <numberValue>3.0</numberValue>
        </value>
    </choices>
    <choices>
        <name>c_e3910409_2dfa_4243_a5d0_bff374a143fe</name>
        <choiceText>4</choiceText>
        <dataType>Number</dataType>
        <value>
            <numberValue>4.0</numberValue>
        </value>
    </choices>
    <choices>
        <name>c_ed5ad64f_1b81_41c9_9398_0d9b29fc107f</name>
        <choiceText>Excellent</choiceText>
        <dataType>Number</dataType>
        <value>
            <numberValue>5.0</numberValue>
        </value>
    </choices>
    <interviewLabel>Discovery Call Assessment</interviewLabel>
    <label>Discovery Call Assessment</label>
    <processMetadataValues>
        <name>advanceThankYouPageEnabled</name>
        <value>
            <booleanValue>false</booleanValue>
        </value>
    </processMetadataValues>
    <processMetadataValues>
        <name>autoProgressEnabled</name>
        <value>
            <booleanValue>false</booleanValue>
        </value>
    </processMetadataValues>
    <processMetadataValues>
        <name>hasWelcomePage</name>
        <value>
            <booleanValue>false</booleanValue>
        </value>
    </processMetadataValues>
    <processMetadataValues>
        <name>isSimpleSurvey</name>
        <value>
            <booleanValue>false</booleanValue>
        </value>
    </processMetadataValues>
    <processMetadataValues>
        <name>overrideActiveVersion</name>
        <value>
            <booleanValue>false</booleanValue>
        </value>
    </processMetadataValues>
    <processMetadataValues>
        <name>surveyType</name>
        <value>
            <stringValue>Assessment</stringValue>
        </value>
    </processMetadataValues>
    <processType>Survey</processType>
    <screens>
        <name>p_d2030b13_d523_4057_ad25_c2d8a602efe5</name>
        <label>Page 1</label>
        <locationX>0</locationX>
        <locationY>0</locationY>
        <allowBack>true</allowBack>
        <allowFinish>true</allowFinish>
        <allowPause>true</allowPause>
        <fields>
            <processMetadataValues>
                <name>autoProgressAction</name>
                <value>
                    <stringValue>NONE</stringValue>
                </value>
            </processMetadataValues>
            <processMetadataValues>
                <name>defaultValue</name>
                <value>
                    <elementReference>var_q_da90d5b4_d12f_46dd_960d_38a7b6ebf552_defaultValue</elementReference>
                </value>
            </processMetadataValues>
            <processMetadataValues>
                <name>iconType</name>
                <value>
                    <stringValue>star</stringValue>
                </value>
            </processMetadataValues>
            <name>q_da90d5b4_d12f_46dd_960d_38a7b6ebf552</name>
            <choiceReferences>c_8564d98e_42cc_4b59_bfed_a015df280b31</choiceReferences>
            <choiceReferences>c_0c0af968_e532_4281_9792_31992b69615a</choiceReferences>
            <choiceReferences>c_db8d0610_1b4b_412f_ab47_791a841237f3</choiceReferences>
            <choiceReferences>c_34b3f406_7581_4fe3_b4a0_3afb58df117a</choiceReferences>
            <choiceReferences>c_57606855_0adc_424f_9810_00e248ffecf4</choiceReferences>
            <dataType>Number</dataType>
            <extensionName>survey:runtimeRating</extensionName>
            <fieldText>&lt;p&gt;&lt;strong style=&quot;font-family: Arial; font-size: 10pt;&quot;&gt;Preparation&lt;span
                class=&quot;ql-cursor&quot;&gt;&lt;/span&gt;&lt;/strong&gt;&lt;/p&gt;</fieldText>
            <fieldType>ComponentChoice</fieldType>
            <helpText>Showed knowledge of the prospect and their history, and kept the conversation relevant.</helpText>
            <isRequired>false</isRequired>
            <scale>0</scale>
            <styleProperties>
                <verticalAlignment>
                    <stringValue>top</stringValue>
                </verticalAlignment>
                <width>
                    <stringValue>12</stringValue>
                </width>
            </styleProperties>
        </fields>
        <fields>
            <processMetadataValues>
                <name>autoProgressAction</name>
                <value>
                    <stringValue>NONE</stringValue>
                </value>
            </processMetadataValues>
            <processMetadataValues>
                <name>defaultValue</name>
                <value>
                    <elementReference>var_q_8fc5ba56_867c_4251_a89a_1fd5f6fc7142_defaultValue</elementReference>
                </value>
            </processMetadataValues>
            <processMetadataValues>
                <name>iconType</name>
                <value>
                    <stringValue>star</stringValue>
                </value>
            </processMetadataValues>
            <name>q_8fc5ba56_867c_4251_a89a_1fd5f6fc7142</name>
            <choiceReferences>c_d4c18153_2382_427d_9779_4aff55da8963</choiceReferences>
            <choiceReferences>c_93d9ce9d_63e0_4b7f_9f04_795c7c6456d5</choiceReferences>
            <choiceReferences>c_04b985c6_4b2a_450f_827b_c7a3b2b2d8b1</choiceReferences>
            <choiceReferences>c_34a98fb7_fd2d_4a68_82d7_7c483bd7bf84</choiceReferences>
            <choiceReferences>c_ed5ad64f_1b81_41c9_9398_0d9b29fc107f</choiceReferences>
            <dataType>Number</dataType>
            <extensionName>survey:runtimeRating</extensionName>
            <fieldText>&lt;p&gt;&lt;strong style=&quot;font-family: Arial; font-size: 10pt;&quot;&gt;Qualification&lt;span
                class=&quot;ql-cursor&quot;&gt;&lt;/span&gt;&lt;/strong&gt;&lt;/p&gt;</fieldText>
            <fieldType>ComponentChoice</fieldType>
            <helpText>Asked the right questions to evaluate the lead and determine fit.</helpText>
            <isRequired>false</isRequired>
            <scale>0</scale>
            <styleProperties>
                <verticalAlignment>
                    <stringValue>top</stringValue>
                </verticalAlignment>
                <width>
                    <stringValue>12</stringValue>
                </width>
            </styleProperties>
        </fields>
        <fields>
            <processMetadataValues>
                <name>autoProgressAction</name>
                <value>
                    <stringValue>NONE</stringValue>
                </value>
            </processMetadataValues>
            <processMetadataValues>
                <name>defaultValue</name>
                <value>
                    <elementReference>var_q_12825d19_0310_4b5c_a522_b91648b61d0d_defaultValue</elementReference>
                </value>
            </processMetadataValues>
            <processMetadataValues>
                <name>iconType</name>
                <value>
                    <stringValue>star</stringValue>
                </value>
            </processMetadataValues>
            <name>q_12825d19_0310_4b5c_a522_b91648b61d0d</name>
            <choiceReferences>c_dd6a7069_cb99_46d7_8a99_1a255aa0176e</choiceReferences>
            <choiceReferences>c_a40f53e5_c7a3_4ae2_881e_75c0822f9ab3</choiceReferences>
            <choiceReferences>c_90a944d2_3db4_4674_a5dd_a861e1aee8a2</choiceReferences>
            <choiceReferences>c_33216fdd_1d3f_4778_9a64_b4058e4c5798</choiceReferences>
            <choiceReferences>c_1d451ac0_a65f_4b67_9ee9_f0844204d1d8</choiceReferences>
            <dataType>Number</dataType>
            <extensionName>survey:runtimeRating</extensionName>
            <fieldText>&lt;p&gt;&lt;strong style=&quot;font-family: Arial; font-size: 10pt;&quot;&gt;Identifying pain points&lt;span class=&quot;ql-cursor&quot;&gt;&lt;/span&gt;&lt;/strong&gt;&lt;/p&gt;</fieldText>
            <fieldType>ComponentChoice</fieldType>
            <helpText>Uncovered 3 - 4 business problems and how they impact the prospect&apos;s bottom line.</helpText>
            <isRequired>false</isRequired>
            <scale>0</scale>
            <styleProperties>
                <verticalAlignment>
                    <stringValue>top</stringValue>
                </verticalAlignment>
                <width>
                    <stringValue>12</stringValue>
                </width>
            </styleProperties>
        </fields>
        <fields>
            <processMetadataValues>
                <name>autoProgressAction</name>
                <value>
                    <stringValue>NONE</stringValue>
                </value>
            </processMetadataValues>
            <processMetadataValues>
                <name>defaultValue</name>
                <value>
                    <elementReference>var_q_d7dddbc6_9947_46fb_8ec3_aae1af5ba661_defaultValue</elementReference>
                </value>
            </processMetadataValues>
            <processMetadataValues>
                <name>iconType</name>
                <value>
                    <stringValue>star</stringValue>
                </value>
            </processMetadataValues>
            <name>q_d7dddbc6_9947_46fb_8ec3_aae1af5ba661</name>
            <choiceReferences>c_021bb1fc_c7ba_401e_8951_886e70540f64</choiceReferences>
            <choiceReferences>c_549ef69e_48a1_413c_9e6b_a3437731511f</choiceReferences>
            <choiceReferences>c_169b8fef_dfa5_447f_82c3_4d0930a76e97</choiceReferences>
            <choiceReferences>c_e3910409_2dfa_4243_a5d0_bff374a143fe</choiceReferences>
            <choiceReferences>c_99d953b9_bb4f_4977_9629_4f244545ae39</choiceReferences>
            <dataType>Number</dataType>
            <extensionName>survey:runtimeRating</extensionName>
            <fieldText>&lt;p&gt;&lt;strong style=&quot;font-family: Arial; font-size: 10pt;&quot;&gt;Next steps&lt;/strong&gt;&lt;/p&gt;</fieldText>
            <fieldType>ComponentChoice</fieldType>
            <helpText>Offered tangible and appropriate solutions, and set an agenda for follow-up.</helpText>
            <isRequired>false</isRequired>
            <scale>0</scale>
            <styleProperties>
                <verticalAlignment>
                    <stringValue>top</stringValue>
                </verticalAlignment>
                <width>
                    <stringValue>12</stringValue>
                </width>
            </styleProperties>
        </fields>
        <fields>
            <processMetadataValues>
                <name>autoProgressAction</name>
                <value>
                    <stringValue>NONE</stringValue>
                </value>
            </processMetadataValues>
            <processMetadataValues>
                <name>defaultValue</name>
                <value>
                    <elementReference>var_q_3ff85da8_e49b_426b_bfcb_f15f6a939a75_defaultValue</elementReference>
                </value>
            </processMetadataValues>
            <processMetadataValues>
                <name>iconType</name>
                <value>
                    <stringValue>star</stringValue>
                </value>
            </processMetadataValues>
            <name>q_3ff85da8_e49b_426b_bfcb_f15f6a939a75</name>
            <choiceReferences>c_d7936c2e_7513_4196_8108_123de14eb17a</choiceReferences>
            <choiceReferences>c_b43d2402_5ac9_4477_9dc1_6beb2b6f25ac</choiceReferences>
            <choiceReferences>c_df2b725a_35b7_4151_b86b_4b7e22db818b</choiceReferences>
            <choiceReferences>c_76aa3652_2c65_4bb3_9d4b_e3417c2961d1</choiceReferences>
            <choiceReferences>c_474286c7_494e_4c3c_b6db_d491867089fa</choiceReferences>
            <dataType>Number</dataType>
            <extensionName>survey:runtimeRating</extensionName>
            <fieldText>&lt;p&gt;&lt;strong style=&quot;font-family: Arial; font-size: 10pt;&quot;&gt;Objection handling&lt;span
                class=&quot;ql-cursor&quot;&gt;&lt;/span&gt;&lt;/strong&gt;&lt;/p&gt;</fieldText>
            <fieldType>ComponentChoice</fieldType>
            <helpText>Validated the prospect&apos;s objections, alleviated their concerns, and moved the conversation forward.</helpText>
            <isRequired>false</isRequired>
            <scale>0</scale>
            <styleProperties>
                <verticalAlignment>
                    <stringValue>top</stringValue>
                </verticalAlignment>
                <width>
                    <stringValue>12</stringValue>
                </width>
            </styleProperties>
        </fields>
        <fields>
            <processMetadataValues>
                <name>autoProgressAction</name>
                <value>
                    <stringValue>NONE</stringValue>
                </value>
            </processMetadataValues>
            <name>q_147df858_c7c1_4ce6_99d2_5c9c31cd304a</name>
            <dataType>String</dataType>
            <extensionName>survey:runtimeShortText</extensionName>
            <fieldText>&lt;p&gt;&lt;strong style=&quot;font-family: Arial; font-size: 10pt;&quot;&gt;What&apos;s one thing you learned from this call?&lt;span class=&quot;ql-cursor&quot;&gt;&lt;/span&gt;&lt;/strong&gt;&lt;/p&gt;</fieldText>
            <fieldType>ComponentInput</fieldType>
            <isRequired>false</isRequired>
            <styleProperties>
                <verticalAlignment>
                    <stringValue>top</stringValue>
                </verticalAlignment>
                <width>
                    <stringValue>12</stringValue>
                </width>
            </styleProperties>
        </fields>
        <fields>
            <processMetadataValues>
                <name>autoProgressAction</name>
                <value>
                    <stringValue>NONE</stringValue>
                </value>
            </processMetadataValues>
            <name>q_6b3ff679_5937_46fd_ae85_f7efc249da9d</name>
            <dataType>String</dataType>
            <extensionName>survey:runtimeShortText</extensionName>
            <fieldText>&lt;p&gt;&lt;strong style=&quot;font-family: Arial; font-size: 10pt;&quot;&gt;What&apos;s the most important thing your teammate can do to improve?&lt;/strong&gt;&lt;/p&gt;</fieldText>
            <fieldType>ComponentInput</fieldType>
            <isRequired>false</isRequired>
            <styleProperties>
                <verticalAlignment>
                    <stringValue>top</stringValue>
                </verticalAlignment>
                <width>
                    <stringValue>12</stringValue>
                </width>
            </styleProperties>
        </fields>
        <pausedText>To pick up where you left off, refresh this page, or open the survey again.</pausedText>
        <showFooter>true</showFooter>
        <showHeader>true</showHeader>
    </screens>
    <startElementReference>pageNamesInOrder_Assignment</startElementReference>
    <status>Active</status>
    <textTemplates>
        <name>thankYouDescriptionTextTemplate</name>
        <isViewedAsPlainText>false</isViewedAsPlainText>
        <text>Thank you for taking the time to submit feedback. Your teammate who requested the feedback will be
            notified that it&apos;s ready for review.</text>
    </textTemplates>
    <textTemplates>
        <name>thankYouLabelTextTemplate</name>
        <isViewedAsPlainText>false</isViewedAsPlainText>
        <text>&lt;p&gt;&lt;span class=&quot;ql-cursor&quot;&gt;&lt;/span&gt;&lt;span style=&quot;font-family: Arial;
            font-size: 10pt;&quot;&gt;Thanks!&lt;/span&gt;&lt;/p&gt;</text>
    </textTemplates>
    <variables>
        <name>guestUserLang</name>
        <dataType>String</dataType>
        <isCollection>false</isCollection>
        <isInput>true</isInput>
        <isOutput>true</isOutput>
    </variables>
    <variables>
        <name>invitationId</name>
        <dataType>String</dataType>
        <isCollection>false</isCollection>
        <isInput>true</isInput>
        <isOutput>true</isOutput>
        <value>
            <stringValue></stringValue>
        </value>
    </variables>
    <variables>
        <name>pageNamesInOrder</name>
        <dataType>String</dataType>
        <isCollection>true</isCollection>
        <isInput>false</isInput>
        <isOutput>true</isOutput>
    </variables>
    <variables>
        <name>previewMode</name>
        <dataType>Boolean</dataType>
        <isCollection>false</isCollection>
        <isInput>true</isInput>
        <isOutput>true</isOutput>
        <value>
            <booleanValue>false</booleanValue>
        </value>
    </variables>
    <variables>
        <name>thankYouDescription</name>
        <dataType>String</dataType>
        <isCollection>false</isCollection>
        <isInput>true</isInput>
        <isOutput>true</isOutput>
        <value>
            <stringValue>{!thankYouDescriptionTextTemplate}</stringValue>
        </value>
    </variables>
    <variables>
        <name>thankYouLabel</name>
        <dataType>String</dataType>
        <isCollection>false</isCollection>
        <isInput>true</isInput>
        <isOutput>true</isOutput>
        <value>
            <stringValue>{!thankYouLabelTextTemplate}</stringValue>
        </value>
    </variables>
    <variables>
        <name>var_q_12825d19_0310_4b5c_a522_b91648b61d0d_defaultValue</name>
        <dataType>String</dataType>
        <isCollection>false</isCollection>
        <isInput>true</isInput>
        <isOutput>false</isOutput>
    </variables>
    <variables>
        <name>var_q_3ff85da8_e49b_426b_bfcb_f15f6a939a75_defaultValue</name>
        <dataType>String</dataType>
        <isCollection>false</isCollection>
        <isInput>true</isInput>
        <isOutput>false</isOutput>
    </variables>
    <variables>
        <name>var_q_8fc5ba56_867c_4251_a89a_1fd5f6fc7142_defaultValue</name>
        <dataType>String</dataType>
        <isCollection>false</isCollection>
        <isInput>true</isInput>
        <isOutput>false</isOutput>
    </variables>
    <variables>
        <name>var_q_d7dddbc6_9947_46fb_8ec3_aae1af5ba661_defaultValue</name>
        <dataType>String</dataType>
        <isCollection>false</isCollection>
        <isInput>true</isInput>
        <isOutput>false</isOutput>
    </variables>
    <variables>
        <name>var_q_da90d5b4_d12f_46dd_960d_38a7b6ebf552_defaultValue</name>
        <dataType>String</dataType>
        <isCollection>false</isCollection>
        <isInput>true</isInput>
        <isOutput>false</isOutput>
    </variables>
</Flow>
