<?xml version="1.0" encoding="UTF-8"?>
<Flow xmlns="http://soap.sforce.com/2006/04/metadata">
    <actionCalls>
        <name>Failure_Probability_Calculator</name>
        <label>Failure Probability Calculator</label>
        <locationX>157</locationX>
        <locationY>199</locationY>
        <actionName>Failure_Probability_Predictor_CM_12l_OxJd887f29b</actionName>
        <actionType>cdpMlPrediction</actionType>
        <connector>
            <targetReference>Update_Failure_Probability</targetReference>
        </connector>
        <flowTransactionModel>CurrentTransaction</flowTransactionModel>
        <inputParameters>
            <name>maxTopFactors</name>
            <value>
                <elementReference>varProbability</elementReference>
            </value>
        </inputParameters>
        <inputParameters>
            <name>param_Machine_Age_Months_c__c</name>
            <value>
                <elementReference>$Record.Machine_Age_Months__c</elementReference>
            </value>
        </inputParameters>
        <inputParameters>
            <name>param_Temperature_c__c</name>
            <value>
                <elementReference>$Record.Temperature__c</elementReference>
            </value>
        </inputParameters>
        <inputParameters>
            <name>param_Hours_Since_Service_c__c</name>
            <value>
                <elementReference>$Record.Hours_Since_Service__c</elementReference>
            </value>
        </inputParameters>
        <inputParameters>
            <name>param_Vibration_c__c</name>
            <value>
                <elementReference>$Record.Vibration__c</elementReference>
            </value>
        </inputParameters>
        <nameSegment>Failure_Probability_Predictor_CM_12l_OxJd887f29b</nameSegment>
        <offset>0</offset>
        <outputParameters>
            <assignToReference>varProbability</assignToReference>
            <name>prediction</name>
        </outputParameters>
    </actionCalls>
    <apiVersion>65.0</apiVersion>
    <areMetricsLoggedToDataCloud>false</areMetricsLoggedToDataCloud>
    <decisions>
        <name>Asset_Failure</name>
        <label>Asset Failure?</label>
        <locationX>415</locationX>
        <locationY>351</locationY>
        <defaultConnector>
            <targetReference>Asset_Failure_False</targetReference>
        </defaultConnector>
        <defaultConnectorLabel>False</defaultConnectorLabel>
        <rules>
            <name>True</name>
            <conditionLogic>and</conditionLogic>
            <conditions>
                <leftValueReference>varProbability</leftValueReference>
                <operator>GreaterThanOrEqualTo</operator>
                <rightValue>
                    <numberValue>75.0</numberValue>
                </rightValue>
            </conditions>
            <connector>
                <targetReference>Asset_Failure_True</targetReference>
            </connector>
            <label>True</label>
        </rules>
    </decisions>
    <environments>Default</environments>
    <interviewLabel>Failure Probaility Prediction Flow {!$Flow.CurrentDateTime}</interviewLabel>
    <label>Failure Probaility Prediction Flow</label>
    <processMetadataValues>
        <name>BuilderType</name>
        <value>
            <stringValue>LightningFlowBuilder</stringValue>
        </value>
    </processMetadataValues>
    <processMetadataValues>
        <name>CanvasMode</name>
        <value>
            <stringValue>FREE_FORM_CANVAS</stringValue>
        </value>
    </processMetadataValues>
    <processMetadataValues>
        <name>OriginBuilderType</name>
        <value>
            <stringValue>LightningFlowBuilder</stringValue>
        </value>
    </processMetadataValues>
    <processType>AutoLaunchedFlow</processType>
    <recordUpdates>
        <name>Asset_Failure_False</name>
        <label>Asset Failure False</label>
        <locationX>444</locationX>
        <locationY>629</locationY>
        <inputAssignments>
            <field>Is_Failure__c</field>
            <value>
                <booleanValue>false</booleanValue>
            </value>
        </inputAssignments>
        <inputReference>$Record</inputReference>
    </recordUpdates>
    <recordUpdates>
        <name>Asset_Failure_True</name>
        <label>Asset Failure True</label>
        <locationX>276</locationX>
        <locationY>608</locationY>
        <inputAssignments>
            <field>Is_Failure__c</field>
            <value>
                <booleanValue>true</booleanValue>
            </value>
        </inputAssignments>
        <inputReference>$Record</inputReference>
    </recordUpdates>
    <recordUpdates>
        <name>Update_Failure_Probability</name>
        <label>Update Failure Probability</label>
        <locationX>206</locationX>
        <locationY>386</locationY>
        <connector>
            <targetReference>Asset_Failure</targetReference>
        </connector>
        <inputAssignments>
            <field>Failure_Probability__c</field>
            <value>
                <elementReference>varProbability</elementReference>
            </value>
        </inputAssignments>
        <inputReference>$Record</inputReference>
    </recordUpdates>
    <start>
        <locationX>401</locationX>
        <locationY>48</locationY>
        <filterLogic>and</filterLogic>
        <filters>
            <field>Failure_Probability__c</field>
            <operator>IsNull</operator>
            <value>
                <booleanValue>true</booleanValue>
            </value>
        </filters>
        <object>Telemetry__c</object>
        <recordTriggerType>CreateAndUpdate</recordTriggerType>
        <scheduledPaths>
            <name>Schedule_Failure_Probability</name>
            <connector>
                <targetReference>Failure_Probability_Calculator</targetReference>
            </connector>
            <label>Schedule Failure Probability</label>
            <offsetNumber>1</offsetNumber>
            <offsetUnit>Minutes</offsetUnit>
            <recordField>CreatedDate</recordField>
            <timeSource>RecordField</timeSource>
        </scheduledPaths>
        <triggerType>RecordAfterSave</triggerType>
    </start>
    <status>Active</status>
    <variables>
        <name>varProbability</name>
        <dataType>Number</dataType>
        <isCollection>false</isCollection>
        <isInput>false</isInput>
        <isOutput>false</isOutput>
        <scale>2</scale>
    </variables>
</Flow>
