<?xml version="1.0" encoding="UTF-8"?>
<Flow xmlns="http://soap.sforce.com/2006/04/metadata">
    <actionCalls>
        <name>prediction</name>
        <label>prediction</label>
        <locationX>48</locationX>
        <locationY>109</locationY>
        <actionName>Predicted_Is_Failure_CM_12l_OxJ59039c81</actionName>
        <actionType>cdpMlPrediction</actionType>
        <connector>
            <targetReference>update_fault_probability</targetReference>
        </connector>
        <flowTransactionModel>CurrentTransaction</flowTransactionModel>
        <inputParameters>
            <name>maxTopFactors</name>
            <value>
                <elementReference>varFaultProbability</elementReference>
            </value>
        </inputParameters>
        <inputParameters>
            <name>maxPrescriptions</name>
        </inputParameters>
        <inputParameters>
            <name>param_Asset_c__c</name>
            <value>
                <elementReference>Get_Asset.Name</elementReference>
            </value>
        </inputParameters>
        <inputParameters>
            <name>param_Vibration_c__c</name>
            <value>
                <elementReference>$Record.Vibration__c</elementReference>
            </value>
        </inputParameters>
        <inputParameters>
            <name>param_Temperature_c__c</name>
            <value>
                <elementReference>$Record.Temperature__c</elementReference>
            </value>
        </inputParameters>
        <inputParameters>
            <name>param_Name__c</name>
            <value>
                <elementReference>$Record.Name</elementReference>
            </value>
        </inputParameters>
        <nameSegment>Predicted_Is_Failure_CM_12l_OxJ59039c81</nameSegment>
        <offset>0</offset>
        <outputParameters>
            <assignToReference>varFaultProbability</assignToReference>
            <name>prediction</name>
        </outputParameters>
    </actionCalls>
    <apiVersion>65.0</apiVersion>
    <areMetricsLoggedToDataCloud>false</areMetricsLoggedToDataCloud>
    <decisions>
        <name>Is_failure</name>
        <label>Is failure?</label>
        <locationX>246</locationX>
        <locationY>291</locationY>
        <defaultConnector>
            <targetReference>update_no</targetReference>
        </defaultConnector>
        <defaultConnectorLabel>Default Outcome</defaultConnectorLabel>
        <rules>
            <name>yes</name>
            <conditionLogic>and</conditionLogic>
            <conditions>
                <leftValueReference>varFaultProbability</leftValueReference>
                <operator>GreaterThanOrEqualTo</operator>
                <rightValue>
                    <numberValue>70.0</numberValue>
                </rightValue>
            </conditions>
            <connector>
                <targetReference>update_is_failure</targetReference>
            </connector>
            <label>yes</label>
        </rules>
    </decisions>
    <environments>Default</environments>
    <formulas>
        <name>faultprobablity</name>
        <dataType>Number</dataType>
        <expression>{!varFaultProbability}*100</expression>
        <scale>2</scale>
    </formulas>
    <interviewLabel>Fault Probability Calculator {!$Flow.CurrentDateTime}</interviewLabel>
    <label>Fault Probability Calculator</label>
    <processMetadataValues>
        <name>BuilderType</name>
        <value>
            <stringValue>LightningFlowBuilder</stringValue>
        </value>
    </processMetadataValues>
    <processMetadataValues>
        <name>CanvasMode</name>
        <value>
            <stringValue>FREE_FORM_CANVAS</stringValue>
        </value>
    </processMetadataValues>
    <processMetadataValues>
        <name>OriginBuilderType</name>
        <value>
            <stringValue>LightningFlowBuilder</stringValue>
        </value>
    </processMetadataValues>
    <processType>AutoLaunchedFlow</processType>
    <recordLookups>
        <name>Get_Asset</name>
        <label>Get Asset</label>
        <locationX>181</locationX>
        <locationY>75</locationY>
        <assignNullValuesIfNoRecordsFound>false</assignNullValuesIfNoRecordsFound>
        <connector>
            <targetReference>prediction</targetReference>
        </connector>
        <filterLogic>and</filterLogic>
        <filters>
            <field>Id</field>
            <operator>EqualTo</operator>
            <value>
                <elementReference>$Record.Asset__c</elementReference>
            </value>
        </filters>
        <getFirstRecordOnly>true</getFirstRecordOnly>
        <object>Asset</object>
        <storeOutputAutomatically>true</storeOutputAutomatically>
    </recordLookups>
    <recordUpdates>
        <name>update_fault_probability</name>
        <label>update fault probability</label>
        <locationX>47</locationX>
        <locationY>240</locationY>
        <connector>
            <targetReference>Is_failure</targetReference>
        </connector>
        <inputAssignments>
            <field>Failure_Probability__c</field>
            <value>
                <elementReference>varFaultProbability</elementReference>
            </value>
        </inputAssignments>
        <inputReference>$Record</inputReference>
    </recordUpdates>
    <recordUpdates>
        <name>update_is_failure</name>
        <label>update is failure</label>
        <locationX>147</locationX>
        <locationY>444</locationY>
        <inputAssignments>
            <field>Is_Failure__c</field>
            <value>
                <booleanValue>true</booleanValue>
            </value>
        </inputAssignments>
        <inputReference>$Record</inputReference>
    </recordUpdates>
    <recordUpdates>
        <name>update_no</name>
        <label>update no</label>
        <locationX>406</locationX>
        <locationY>458</locationY>
        <inputAssignments>
            <field>Is_Failure__c</field>
            <value>
                <booleanValue>false</booleanValue>
            </value>
        </inputAssignments>
        <inputReference>$Record</inputReference>
    </recordUpdates>
    <start>
        <locationX>401</locationX>
        <locationY>48</locationY>
        <filterLogic>and</filterLogic>
        <filters>
            <field>Temperature__c</field>
            <operator>IsNull</operator>
            <value>
                <booleanValue>false</booleanValue>
            </value>
        </filters>
        <filters>
            <field>Vibration__c</field>
            <operator>IsNull</operator>
            <value>
                <booleanValue>false</booleanValue>
            </value>
        </filters>
        <filters>
            <field>Asset__c</field>
            <operator>IsNull</operator>
            <value>
                <booleanValue>false</booleanValue>
            </value>
        </filters>
        <filters>
            <field>Name</field>
            <operator>IsNull</operator>
            <value>
                <booleanValue>false</booleanValue>
            </value>
        </filters>
        <object>Telemetry__c</object>
        <recordTriggerType>CreateAndUpdate</recordTriggerType>
        <scheduledPaths>
            <name>Calculate_Fault_Probability</name>
            <connector>
                <targetReference>Get_Asset</targetReference>
            </connector>
            <label>Calculate Fault Probability</label>
            <maxBatchSize>1</maxBatchSize>
            <offsetNumber>1</offsetNumber>
            <offsetUnit>Minutes</offsetUnit>
            <recordField>CreatedDate</recordField>
            <timeSource>RecordField</timeSource>
        </scheduledPaths>
        <triggerType>RecordAfterSave</triggerType>
    </start>
    <status>Active</status>
    <variables>
        <name>varFaultProbability</name>
        <dataType>Number</dataType>
        <isCollection>false</isCollection>
        <isInput>false</isInput>
        <isOutput>false</isOutput>
        <scale>2</scale>
    </variables>
    <variables>
        <name>varTopPredictors</name>
        <apexClass>sfdatakit__DeployComponentMlPredictionJobConfig</apexClass>
        <dataType>Apex</dataType>
        <isCollection>false</isCollection>
        <isInput>false</isInput>
        <isOutput>false</isOutput>
    </variables>
</Flow>
