<?xml version="1.0" encoding="UTF-8"?>
<Flow xmlns="http://soap.sforce.com/2006/04/metadata">
    <actionCalls>
        <name>Process_Records</name>
        <label>Process Records</label>
        <locationX>0</locationX>
        <locationY>0</locationY>
        <actionName>01pg5000002wy2fNotFound</actionName>
        <actionType>apex</actionType>
        <flowTransactionModel>Automatic</flowTransactionModel>
        <inputParameters>
            <name>telemetryIds</name>
            <value>
                <elementReference>$Record.Id</elementReference>
            </value>
        </inputParameters>
        <offset>0</offset>
    </actionCalls>
    <apiVersion>65.0</apiVersion>
    <areMetricsLoggedToDataCloud>false</areMetricsLoggedToDataCloud>
    <decisions>
        <name>Telemtery_Fields_not_null</name>
        <label>Telemtery Fields not null</label>
        <locationX>0</locationX>
        <locationY>0</locationY>
        <defaultConnectorLabel>Default Outcome</defaultConnectorLabel>
        <rules>
            <name>Fields_having_Value</name>
            <conditionLogic>and</conditionLogic>
            <conditions>
                <leftValueReference>$Record.Temperature__c</leftValueReference>
                <operator>IsNull</operator>
                <rightValue>
                    <booleanValue>false</booleanValue>
                </rightValue>
            </conditions>
            <conditions>
                <leftValueReference>$Record.Vibration__c</leftValueReference>
                <operator>IsNull</operator>
                <rightValue>
                    <booleanValue>false</booleanValue>
                </rightValue>
            </conditions>
            <conditions>
                <leftValueReference>$Record.Asset__c</leftValueReference>
                <operator>IsNull</operator>
                <rightValue>
                    <booleanValue>false</booleanValue>
                </rightValue>
            </conditions>
            <connector>
                <targetReference>Process_Records</targetReference>
            </connector>
            <label>Fields having Value</label>
        </rules>
    </decisions>
    <environments>Default</environments>
    <interviewLabel>Process Bulk Records {!$Flow.CurrentDateTime}</interviewLabel>
    <label>Process Bulk Records</label>
    <processMetadataValues>
        <name>BuilderType</name>
        <value>
            <stringValue>LightningFlowBuilder</stringValue>
        </value>
    </processMetadataValues>
    <processMetadataValues>
        <name>CanvasMode</name>
        <value>
            <stringValue>AUTO_LAYOUT_CANVAS</stringValue>
        </value>
    </processMetadataValues>
    <processMetadataValues>
        <name>OriginBuilderType</name>
        <value>
            <stringValue>LightningFlowBuilder</stringValue>
        </value>
    </processMetadataValues>
    <processType>AutoLaunchedFlow</processType>
    <recordLookups>
        <name>Get_Asset</name>
        <label>Get Asset</label>
        <locationX>0</locationX>
        <locationY>0</locationY>
        <assignNullValuesIfNoRecordsFound>false</assignNullValuesIfNoRecordsFound>
        <connector>
            <targetReference>Telemtery_Fields_not_null</targetReference>
        </connector>
        <filterLogic>and</filterLogic>
        <filters>
            <field>Id</field>
            <operator>EqualTo</operator>
            <value>
                <elementReference>$Record.Id</elementReference>
            </value>
        </filters>
        <getFirstRecordOnly>true</getFirstRecordOnly>
        <object>Asset</object>
        <queriedFields>Id</queriedFields>
        <queriedFields>Name</queriedFields>
        <storeOutputAutomatically>true</storeOutputAutomatically>
    </recordLookups>
    <start>
        <locationX>0</locationX>
        <locationY>0</locationY>
        <connector>
            <targetReference>Get_Asset</targetReference>
        </connector>
        <filterLogic>and</filterLogic>
        <filters>
            <field>Prediction_Processed__c</field>
            <operator>EqualTo</operator>
            <value>
                <booleanValue>false</booleanValue>
            </value>
        </filters>
        <filters>
            <field>Temperature__c</field>
            <operator>IsNull</operator>
            <value>
                <booleanValue>false</booleanValue>
            </value>
        </filters>
        <filters>
            <field>Vibration__c</field>
            <operator>IsNull</operator>
            <value>
                <booleanValue>false</booleanValue>
            </value>
        </filters>
        <filters>
            <field>Asset__c</field>
            <operator>IsNull</operator>
            <value>
                <booleanValue>false</booleanValue>
            </value>
        </filters>
        <object>Telemetry__c</object>
        <recordTriggerType>CreateAndUpdate</recordTriggerType>
        <triggerType>RecordAfterSave</triggerType>
    </start>
    <status>Obsolete</status>
</Flow>
