<?xml version="1.0" encoding="UTF-8"?>
<Flow xmlns="http://soap.sforce.com/2006/04/metadata">
    <actionCalls>
        <name>Apex_for_Records</name>
        <label>Apex for Records</label>
        <locationX>0</locationX>
        <locationY>0</locationY>
        <actionName>01pg5000002wy2fNotFound</actionName>
        <actionType>apex</actionType>
        <flowTransactionModel>Automatic</flowTransactionModel>
        <inputParameters>
            <name>telemetryIds</name>
            <value>
                <elementReference>$Record.Id</elementReference>
            </value>
        </inputParameters>
        <offset>0</offset>
    </actionCalls>
    <actionCalls>
        <name>Predicted_Is_Failure_Action</name>
        <label>Predicted Is_Failure Action</label>
        <locationX>0</locationX>
        <locationY>0</locationY>
        <actionName>Predicted_Is_Failure_CM_12l_OxJ59039c81</actionName>
        <actionType>cdpMlPrediction</actionType>
        <connector>
            <targetReference>NORMALIZE_PROBABILITY</targetReference>
        </connector>
        <flowTransactionModel>CurrentTransaction</flowTransactionModel>
        <inputParameters>
            <name>maxTopFactors</name>
            <value>
                <elementReference>varFaultProbability</elementReference>
            </value>
        </inputParameters>
        <inputParameters>
            <name>param_Asset_c__c</name>
            <value>
                <elementReference>Get_Asset.Name</elementReference>
            </value>
        </inputParameters>
        <inputParameters>
            <name>param_Vibration_c__c</name>
            <value>
                <elementReference>$Record.Vibration__c</elementReference>
            </value>
        </inputParameters>
        <inputParameters>
            <name>param_Name__c</name>
            <value>
                <elementReference>$Record.Name</elementReference>
            </value>
        </inputParameters>
        <inputParameters>
            <name>param_Temperature_c__c</name>
            <value>
                <elementReference>$Record.Temperature__c</elementReference>
            </value>
        </inputParameters>
        <nameSegment>Predicted_Is_Failure_CM_12l_OxJ59039c81</nameSegment>
        <offset>0</offset>
        <outputParameters>
            <assignToReference>varFaultProbability</assignToReference>
            <name>prediction</name>
        </outputParameters>
    </actionCalls>
    <apiVersion>65.0</apiVersion>
    <areMetricsLoggedToDataCloud>false</areMetricsLoggedToDataCloud>
    <assignments>
        <name>NORMALIZE_PROBABILITY</name>
        <label>NORMALIZE PROBABILITY</label>
        <locationX>0</locationX>
        <locationY>0</locationY>
        <assignmentItems>
            <assignToReference>varFaultProbability</assignToReference>
            <operator>Assign</operator>
            <value>
                <elementReference>frmNormalizedFailureProb</elementReference>
            </value>
        </assignmentItems>
        <connector>
            <targetReference>Apex_for_Records</targetReference>
        </connector>
    </assignments>
    <decisions>
        <name>Telemetry_fields_not_null</name>
        <label>Telemetry fields not null</label>
        <locationX>0</locationX>
        <locationY>0</locationY>
        <defaultConnectorLabel>Default Outcome</defaultConnectorLabel>
        <rules>
            <name>Fields_having_Value</name>
            <conditionLogic>and</conditionLogic>
            <conditions>
                <leftValueReference>$Record.Temperature__c</leftValueReference>
                <operator>IsNull</operator>
                <rightValue>
                    <booleanValue>false</booleanValue>
                </rightValue>
            </conditions>
            <conditions>
                <leftValueReference>$Record.Vibration__c</leftValueReference>
                <operator>IsNull</operator>
                <rightValue>
                    <booleanValue>false</booleanValue>
                </rightValue>
            </conditions>
            <conditions>
                <leftValueReference>$Record.Asset__c</leftValueReference>
                <operator>IsNull</operator>
                <rightValue>
                    <booleanValue>false</booleanValue>
                </rightValue>
            </conditions>
            <label>Fields having Value</label>
        </rules>
    </decisions>
    <environments>Default</environments>
    <formulas>
        <name>frmNormalizedFailureProb</name>
        <dataType>Number</dataType>
        <expression>IF(
  {!varFaultProbability} &gt; 1,
  {!varFaultProbability}/ 100,
  {!varFaultProbability}
)</expression>
        <scale>6</scale>
    </formulas>
    <interviewLabel>Processing Bulk Records {!$Flow.CurrentDateTime}</interviewLabel>
    <label>Processing Bulk Records</label>
    <processMetadataValues>
        <name>BuilderType</name>
        <value>
            <stringValue>LightningFlowBuilder</stringValue>
        </value>
    </processMetadataValues>
    <processMetadataValues>
        <name>CanvasMode</name>
        <value>
            <stringValue>AUTO_LAYOUT_CANVAS</stringValue>
        </value>
    </processMetadataValues>
    <processMetadataValues>
        <name>OriginBuilderType</name>
        <value>
            <stringValue>LightningFlowBuilder</stringValue>
        </value>
    </processMetadataValues>
    <processType>AutoLaunchedFlow</processType>
    <recordLookups>
        <name>Get_Asset</name>
        <label>Get Asset</label>
        <locationX>0</locationX>
        <locationY>0</locationY>
        <assignNullValuesIfNoRecordsFound>false</assignNullValuesIfNoRecordsFound>
        <connector>
            <targetReference>Telemetry_fields_not_null</targetReference>
        </connector>
        <filterLogic>and</filterLogic>
        <filters>
            <field>Id</field>
            <operator>EqualTo</operator>
            <value>
                <elementReference>$Record.Asset__c</elementReference>
            </value>
        </filters>
        <getFirstRecordOnly>true</getFirstRecordOnly>
        <object>Asset</object>
        <queriedFields>Id</queriedFields>
        <queriedFields>Name</queriedFields>
        <storeOutputAutomatically>true</storeOutputAutomatically>
    </recordLookups>
    <start>
        <locationX>0</locationX>
        <locationY>0</locationY>
        <connector>
            <targetReference>Get_Asset</targetReference>
        </connector>
        <doesRequireRecordChangedToMeetCriteria>true</doesRequireRecordChangedToMeetCriteria>
        <filterLogic>and</filterLogic>
        <filters>
            <field>Prediction_Processed__c</field>
            <operator>EqualTo</operator>
            <value>
                <booleanValue>false</booleanValue>
            </value>
        </filters>
        <filters>
            <field>Temperature__c</field>
            <operator>IsNull</operator>
            <value>
                <booleanValue>false</booleanValue>
            </value>
        </filters>
        <filters>
            <field>Vibration__c</field>
            <operator>IsNull</operator>
            <value>
                <booleanValue>false</booleanValue>
            </value>
        </filters>
        <filters>
            <field>Asset__c</field>
            <operator>IsNull</operator>
            <value>
                <booleanValue>false</booleanValue>
            </value>
        </filters>
        <object>Telemetry__c</object>
        <recordTriggerType>Update</recordTriggerType>
        <scheduledPaths>
            <name>Calculate_Fault_Probability</name>
            <connector>
                <targetReference>Predicted_Is_Failure_Action</targetReference>
            </connector>
            <label>Calculate Fault Probability</label>
            <offsetNumber>0</offsetNumber>
            <offsetUnit>Hours</offsetUnit>
            <timeSource>RecordTriggerEvent</timeSource>
        </scheduledPaths>
        <triggerType>RecordAfterSave</triggerType>
    </start>
    <status>Obsolete</status>
    <variables>
        <name>varFaultProbability</name>
        <dataType>Number</dataType>
        <isCollection>false</isCollection>
        <isInput>false</isInput>
        <isOutput>false</isOutput>
        <scale>6</scale>
    </variables>
    <variables>
        <name>varNormalizedFailureProb</name>
        <dataType>Number</dataType>
        <isCollection>false</isCollection>
        <isInput>false</isInput>
        <isOutput>false</isOutput>
        <scale>6</scale>
    </variables>
</Flow>
