<?xml version="1.0" encoding="UTF-8"?>
<Flow xmlns="http://soap.sforce.com/2006/04/metadata">
    <apiVersion>65.0</apiVersion>
    <areMetricsLoggedToDataCloud>false</areMetricsLoggedToDataCloud>
    <decisions>
        <name>Can_Dispatch</name>
        <label>“Can Dispatch?”</label>
        <locationX>0</locationX>
        <locationY>0</locationY>
        <defaultConnectorLabel>Default Outcome</defaultConnectorLabel>
        <rules>
            <name>Dispatch</name>
            <conditionLogic>or</conditionLogic>
            <conditions>
                <leftValueReference>Get_Service_Appointment.Status</leftValueReference>
                <operator>Contains</operator>
                <rightValue>
                    <stringValue>None</stringValue>
                </rightValue>
            </conditions>
            <conditions>
                <leftValueReference>Get_Service_Appointment.Status</leftValueReference>
                <operator>Contains</operator>
                <rightValue>
                    <stringValue>Scheduled</stringValue>
                </rightValue>
            </conditions>
            <connector>
                <targetReference>Update_Service_Appointment</targetReference>
            </connector>
            <label>Dispatch</label>
        </rules>
    </decisions>
    <decisions>
        <name>WO_Not_Started_Yet</name>
        <label>“WO Not Started Yet?”</label>
        <locationX>0</locationX>
        <locationY>0</locationY>
        <defaultConnectorLabel>Default Outcome</defaultConnectorLabel>
        <rules>
            <name>WO_Not_Started</name>
            <conditionLogic>and</conditionLogic>
            <conditions>
                <leftValueReference>Get_Work_Order.Status</leftValueReference>
                <operator>EqualTo</operator>
                <rightValue>
                    <stringValue>New</stringValue>
                </rightValue>
            </conditions>
            <connector>
                <targetReference>Update_Work_Order</targetReference>
            </connector>
            <label>WO Not Started</label>
        </rules>
    </decisions>
    <environments>Default</environments>
    <interviewLabel>Resource Assigned {!$Flow.CurrentDateTime}</interviewLabel>
    <label>Resource Assigned</label>
    <processMetadataValues>
        <name>BuilderType</name>
        <value>
            <stringValue>LightningFlowBuilder</stringValue>
        </value>
    </processMetadataValues>
    <processMetadataValues>
        <name>CanvasMode</name>
        <value>
            <stringValue>AUTO_LAYOUT_CANVAS</stringValue>
        </value>
    </processMetadataValues>
    <processMetadataValues>
        <name>OriginBuilderType</name>
        <value>
            <stringValue>LightningFlowBuilder</stringValue>
        </value>
    </processMetadataValues>
    <processType>AutoLaunchedFlow</processType>
    <recordLookups>
        <name>Get_Service_Appointment</name>
        <label>Get Service Appointment</label>
        <locationX>0</locationX>
        <locationY>0</locationY>
        <assignNullValuesIfNoRecordsFound>false</assignNullValuesIfNoRecordsFound>
        <connector>
            <targetReference>Can_Dispatch</targetReference>
        </connector>
        <filterLogic>and</filterLogic>
        <filters>
            <field>Id</field>
            <operator>EqualTo</operator>
            <value>
                <elementReference>$Record.ServiceAppointment.Id</elementReference>
            </value>
        </filters>
        <getFirstRecordOnly>true</getFirstRecordOnly>
        <object>ServiceAppointment</object>
        <storeOutputAutomatically>true</storeOutputAutomatically>
    </recordLookups>
    <recordLookups>
        <name>Get_Work_Order</name>
        <label>Get Work Order</label>
        <locationX>0</locationX>
        <locationY>0</locationY>
        <assignNullValuesIfNoRecordsFound>false</assignNullValuesIfNoRecordsFound>
        <connector>
            <targetReference>WO_Not_Started_Yet</targetReference>
        </connector>
        <filterLogic>and</filterLogic>
        <filters>
            <field>Id</field>
            <operator>EqualTo</operator>
            <value>
                <elementReference>Get_Service_Appointment.ParentRecordId</elementReference>
            </value>
        </filters>
        <getFirstRecordOnly>true</getFirstRecordOnly>
        <object>WorkOrder</object>
        <storeOutputAutomatically>true</storeOutputAutomatically>
    </recordLookups>
    <recordUpdates>
        <name>Update_Service_Appointment</name>
        <label>Update Service Appointment</label>
        <locationX>0</locationX>
        <locationY>0</locationY>
        <connector>
            <targetReference>Get_Work_Order</targetReference>
        </connector>
        <filterLogic>and</filterLogic>
        <filters>
            <field>Id</field>
            <operator>EqualTo</operator>
            <value>
                <elementReference>$Record.ServiceAppointmentId</elementReference>
            </value>
        </filters>
        <inputAssignments>
            <field>Status</field>
            <value>
                <stringValue>Dispatched</stringValue>
            </value>
        </inputAssignments>
        <object>ServiceAppointment</object>
    </recordUpdates>
    <recordUpdates>
        <name>Update_Work_Order</name>
        <label>Update Work Order</label>
        <locationX>0</locationX>
        <locationY>0</locationY>
        <filterLogic>and</filterLogic>
        <filters>
            <field>Id</field>
            <operator>EqualTo</operator>
            <value>
                <elementReference>Get_Service_Appointment.ParentRecordId</elementReference>
            </value>
        </filters>
        <inputAssignments>
            <field>Status</field>
            <value>
                <stringValue>In Progress</stringValue>
            </value>
        </inputAssignments>
        <object>WorkOrder</object>
    </recordUpdates>
    <start>
        <locationX>0</locationX>
        <locationY>0</locationY>
        <connector>
            <targetReference>Get_Service_Appointment</targetReference>
        </connector>
        <filterLogic>and</filterLogic>
        <filters>
            <field>Id</field>
            <operator>IsNull</operator>
            <value>
                <booleanValue>false</booleanValue>
            </value>
        </filters>
        <object>AssignedResource</object>
        <recordTriggerType>Create</recordTriggerType>
        <triggerType>RecordAfterSave</triggerType>
    </start>
    <status>Active</status>
</Flow>
