<?xml version="1.0" encoding="UTF-8"?>
<Flow xmlns="http://soap.sforce.com/2006/04/metadata" xmlns:xsi="http://www.w3.org/2001/XMLSchema-instance">
    <apiVersion>66.0</apiVersion>
    <areMetricsLoggedToDataCloud>false</areMetricsLoggedToDataCloud>
    <customProperties>
        <name>ScreenProgressIndicator</name>
        <value>
            <stringValue>{&quot;location&quot;:&quot;top&quot;,&quot;type&quot;:&quot;simple&quot;}</stringValue>
        </value>
    </customProperties>
    <decisions>
        <name>Check_Selected_Status</name>
        <label>Check Selected Status</label>
        <locationX>0</locationX>
        <locationY>0</locationY>
        <defaultConnectorLabel>Default Outcome</defaultConnectorLabel>
        <rules>
            <name>Checking_Cancel</name>
            <conditionLogic>and</conditionLogic>
            <conditions>
                <leftValueReference>Select_Closure_Status</leftValueReference>
                <operator>EqualTo</operator>
                <rightValue>
                    <stringValue>Canceled</stringValue>
                </rightValue>
            </conditions>
            <connector>
                <targetReference>Update_SA_with_Cancel</targetReference>
            </connector>
            <label>Checking Cancel</label>
        </rules>
        <rules>
            <name>Checking_Completed</name>
            <conditionLogic>and</conditionLogic>
            <conditions>
                <leftValueReference>Select_Closure_Status</leftValueReference>
                <operator>EqualTo</operator>
                <rightValue>
                    <stringValue>Completed</stringValue>
                </rightValue>
            </conditions>
            <connector>
                <targetReference>Update_SA_with_Completed</targetReference>
            </connector>
            <label>Checking Completed</label>
        </rules>
        <rules>
            <name>Checking_Cannot_Complete</name>
            <conditionLogic>and</conditionLogic>
            <conditions>
                <leftValueReference>Select_Closure_Status</leftValueReference>
                <operator>EqualTo</operator>
                <rightValue>
                    <stringValue>Cannot Complete</stringValue>
                </rightValue>
            </conditions>
            <connector>
                <targetReference>Update_SA_with_Cannot_Complete</targetReference>
            </connector>
            <label>Checking Cannot Complete</label>
        </rules>
    </decisions>
    <dynamicChoiceSets>
        <name>Status</name>
        <dataType>Picklist</dataType>
        <displayField xsi:nil="true"/>
        <object xsi:nil="true"/>
        <picklistField>Status</picklistField>
        <picklistObject>ServiceAppointment</picklistObject>
    </dynamicChoiceSets>
    <environments>Default</environments>
    <interviewLabel>SA Status Change {!$Flow.CurrentDateTime}</interviewLabel>
    <label>SA Status Change</label>
    <processMetadataValues>
        <name>BuilderType</name>
        <value>
            <stringValue>LightningFlowBuilder</stringValue>
        </value>
    </processMetadataValues>
    <processMetadataValues>
        <name>CanvasMode</name>
        <value>
            <stringValue>AUTO_LAYOUT_CANVAS</stringValue>
        </value>
    </processMetadataValues>
    <processMetadataValues>
        <name>OriginBuilderType</name>
        <value>
            <stringValue>LightningFlowBuilder</stringValue>
        </value>
    </processMetadataValues>
    <processType>Flow</processType>
    <recordUpdates>
        <name>Update_SA_with_Cancel</name>
        <label>Update SA with Cancel</label>
        <locationX>0</locationX>
        <locationY>0</locationY>
        <filterLogic>and</filterLogic>
        <filters>
            <field>Id</field>
            <operator>EqualTo</operator>
            <value>
                <elementReference>recordId</elementReference>
            </value>
        </filters>
        <inputAssignments>
            <field>Status</field>
            <value>
                <stringValue>Canceled</stringValue>
            </value>
        </inputAssignments>
        <object>ServiceAppointment</object>
    </recordUpdates>
    <recordUpdates>
        <name>Update_SA_with_Cannot_Complete</name>
        <label>Update SA with Cannot Complete</label>
        <locationX>0</locationX>
        <locationY>0</locationY>
        <filterLogic>and</filterLogic>
        <filters>
            <field>Id</field>
            <operator>EqualTo</operator>
            <value>
                <elementReference>recordId</elementReference>
            </value>
        </filters>
        <inputAssignments>
            <field>Status</field>
            <value>
                <stringValue>Cannot Complete</stringValue>
            </value>
        </inputAssignments>
        <object>ServiceAppointment</object>
    </recordUpdates>
    <recordUpdates>
        <name>Update_SA_with_Completed</name>
        <label>Update SA with Completed</label>
        <locationX>0</locationX>
        <locationY>0</locationY>
        <filterLogic>and</filterLogic>
        <filters>
            <field>Id</field>
            <operator>EqualTo</operator>
            <value>
                <elementReference>recordId</elementReference>
            </value>
        </filters>
        <inputAssignments>
            <field>Status</field>
            <value>
                <stringValue>Completed</stringValue>
            </value>
        </inputAssignments>
        <object>ServiceAppointment</object>
    </recordUpdates>
    <screens>
        <name>Close_Service_Appointment</name>
        <label>Close Service Appointment</label>
        <locationX>0</locationX>
        <locationY>0</locationY>
        <allowBack>false</allowBack>
        <allowFinish>true</allowFinish>
        <allowPause>false</allowPause>
        <connector>
            <targetReference>Check_Selected_Status</targetReference>
        </connector>
        <fields>
            <name>Select_Closure_Status</name>
            <choiceReferences>Status</choiceReferences>
            <dataType>String</dataType>
            <fieldText>Select Closure Status</fieldText>
            <fieldType>RadioButtons</fieldType>
            <inputsOnNextNavToAssocScrn>UseStoredValues</inputsOnNextNavToAssocScrn>
            <isRequired>true</isRequired>
            <styleProperties>
                <verticalAlignment>
                    <stringValue>top</stringValue>
                </verticalAlignment>
                <width>
                    <stringValue>12</stringValue>
                </width>
            </styleProperties>
        </fields>
        <nextOrFinishButtonLabel>Finish</nextOrFinishButtonLabel>
        <showFooter>true</showFooter>
        <showHeader>true</showHeader>
    </screens>
    <start>
        <locationX>0</locationX>
        <locationY>0</locationY>
        <connector>
            <targetReference>Close_Service_Appointment</targetReference>
        </connector>
    </start>
    <status>Active</status>
    <variables>
        <name>recordId</name>
        <dataType>String</dataType>
        <isCollection>false</isCollection>
        <isInput>true</isInput>
        <isOutput>false</isOutput>
    </variables>
</Flow>
