<?xml version="1.0" encoding="UTF-8"?>
<Flow xmlns="http://soap.sforce.com/2006/04/metadata">
    <apiVersion>65.0</apiVersion>
    <areMetricsLoggedToDataCloud>false</areMetricsLoggedToDataCloud>
    <environments>Default</environments>
    <interviewLabel>Scheduling Service Appointment {!$Flow.CurrentDateTime}</interviewLabel>
    <label>Scheduling Service Appointment</label>
    <processMetadataValues>
        <name>BuilderType</name>
        <value>
            <stringValue>LightningFlowBuilder</stringValue>
        </value>
    </processMetadataValues>
    <processMetadataValues>
        <name>CanvasMode</name>
        <value>
            <stringValue>AUTO_LAYOUT_CANVAS</stringValue>
        </value>
    </processMetadataValues>
    <processMetadataValues>
        <name>OriginBuilderType</name>
        <value>
            <stringValue>LightningFlowBuilder</stringValue>
        </value>
    </processMetadataValues>
    <processType>AutoLaunchedFlow</processType>
    <recordCreates>
        <name>Create_Service_Appointment_Record</name>
        <label>Create Service Appointment Record</label>
        <locationX>0</locationX>
        <locationY>0</locationY>
        <inputAssignments>
            <field>DueDate</field>
            <value>
                <elementReference>$Record.EndDate</elementReference>
            </value>
        </inputAssignments>
        <inputAssignments>
            <field>Duration</field>
            <value>
                <elementReference>$Record.WorkType.EstimatedDuration</elementReference>
            </value>
        </inputAssignments>
        <inputAssignments>
            <field>EarliestStartTime</field>
            <value>
                <elementReference>$Flow.CurrentDateTime</elementReference>
            </value>
        </inputAssignments>
        <inputAssignments>
            <field>ParentRecordId</field>
            <value>
                <elementReference>$Record.Id</elementReference>
            </value>
        </inputAssignments>
        <inputAssignments>
            <field>Status</field>
            <value>
                <stringValue>New</stringValue>
            </value>
        </inputAssignments>
        <inputAssignments>
            <field>WorkTypeId</field>
            <value>
                <elementReference>$Record.WorkTypeId</elementReference>
            </value>
        </inputAssignments>
        <object>ServiceAppointment</object>
        <storeOutputAutomatically>true</storeOutputAutomatically>
    </recordCreates>
    <start>
        <locationX>0</locationX>
        <locationY>0</locationY>
        <connector>
            <targetReference>Create_Service_Appointment_Record</targetReference>
        </connector>
        <filterLogic>and</filterLogic>
        <filters>
            <field>Status</field>
            <operator>EqualTo</operator>
            <value>
                <stringValue>New</stringValue>
            </value>
        </filters>
        <filters>
            <field>WorkTypeId</field>
            <operator>IsNull</operator>
            <value>
                <booleanValue>false</booleanValue>
            </value>
        </filters>
        <object>WorkOrder</object>
        <recordTriggerType>Create</recordTriggerType>
        <triggerType>RecordAfterSave</triggerType>
    </start>
    <status>Draft</status>
</Flow>
