<?xml version="1.0" encoding="UTF-8"?>
<Flow xmlns="http://soap.sforce.com/2006/04/metadata">
    <apiVersion>65.0</apiVersion>
    <areMetricsLoggedToDataCloud>false</areMetricsLoggedToDataCloud>
    <decisions>
        <name>Checking_Resource_Assigned</name>
        <label>Checking Resource Assigned?</label>
        <locationX>0</locationX>
        <locationY>0</locationY>
        <defaultConnector>
            <targetReference>Create_Assigned_Resource</targetReference>
        </defaultConnector>
        <defaultConnectorLabel>Not Assigned</defaultConnectorLabel>
        <rules>
            <name>Resource_Assigned</name>
            <conditionLogic>and</conditionLogic>
            <conditions>
                <leftValueReference>Get_Assigned_Resources.Id</leftValueReference>
                <operator>IsNull</operator>
                <rightValue>
                    <booleanValue>false</booleanValue>
                </rightValue>
            </conditions>
            <label>Resource Assigned?</label>
        </rules>
    </decisions>
    <environments>Default</environments>
    <formulas>
        <name>endDate</name>
        <dataType>DateTime</dataType>
        <expression>{!$Flow.CurrentDateTime} + 7</expression>
    </formulas>
    <interviewLabel>Service Resource Assignment {!$Flow.CurrentDateTime}</interviewLabel>
    <label>Service Resource Assignment</label>
    <loops>
        <name>Iterating_STM</name>
        <label>Iterating STM</label>
        <locationX>0</locationX>
        <locationY>0</locationY>
        <collectionReference>Get_Service_Teritory_Member</collectionReference>
        <iterationOrder>Asc</iterationOrder>
        <nextValueConnector>
            <targetReference>Get_Service_Resource_Records</targetReference>
        </nextValueConnector>
    </loops>
    <processMetadataValues>
        <name>BuilderType</name>
        <value>
            <stringValue>LightningFlowBuilder</stringValue>
        </value>
    </processMetadataValues>
    <processMetadataValues>
        <name>CanvasMode</name>
        <value>
            <stringValue>AUTO_LAYOUT_CANVAS</stringValue>
        </value>
    </processMetadataValues>
    <processMetadataValues>
        <name>OriginBuilderType</name>
        <value>
            <stringValue>LightningFlowBuilder</stringValue>
        </value>
    </processMetadataValues>
    <processType>AutoLaunchedFlow</processType>
    <recordCreates>
        <name>Create_Assigned_Resource</name>
        <label>Create Assigned Resource</label>
        <locationX>0</locationX>
        <locationY>0</locationY>
        <connector>
            <targetReference>Update_Service_Appointment</targetReference>
        </connector>
        <inputAssignments>
            <field>ServiceAppointmentId</field>
            <value>
                <elementReference>$Record.Id</elementReference>
            </value>
        </inputAssignments>
        <inputAssignments>
            <field>ServiceResourceId</field>
            <value>
                <elementReference>Iterating_STM.ServiceResourceId</elementReference>
            </value>
        </inputAssignments>
        <object>AssignedResource</object>
        <storeOutputAutomatically>true</storeOutputAutomatically>
    </recordCreates>
    <recordLookups>
        <name>Get_Asset_Records</name>
        <label>Get Asset Records</label>
        <locationX>0</locationX>
        <locationY>0</locationY>
        <assignNullValuesIfNoRecordsFound>false</assignNullValuesIfNoRecordsFound>
        <connector>
            <targetReference>Update_SA</targetReference>
        </connector>
        <filterLogic>and</filterLogic>
        <filters>
            <field>Id</field>
            <operator>EqualTo</operator>
            <value>
                <elementReference>Get_Work_Order_Records.AssetId</elementReference>
            </value>
        </filters>
        <getFirstRecordOnly>true</getFirstRecordOnly>
        <object>Asset</object>
        <storeOutputAutomatically>true</storeOutputAutomatically>
    </recordLookups>
    <recordLookups>
        <name>Get_Assigned_Resources</name>
        <label>Get Assigned Resources</label>
        <locationX>0</locationX>
        <locationY>0</locationY>
        <assignNullValuesIfNoRecordsFound>false</assignNullValuesIfNoRecordsFound>
        <connector>
            <targetReference>Checking_Resource_Assigned</targetReference>
        </connector>
        <filterLogic>and</filterLogic>
        <filters>
            <field>ServiceAppointmentId</field>
            <operator>EqualTo</operator>
            <value>
                <elementReference>$Record.Id</elementReference>
            </value>
        </filters>
        <filters>
            <field>ServiceResourceId</field>
            <operator>EqualTo</operator>
            <value>
                <elementReference>Get_Service_Resource_Records.Id</elementReference>
            </value>
        </filters>
        <getFirstRecordOnly>true</getFirstRecordOnly>
        <object>AssignedResource</object>
        <storeOutputAutomatically>true</storeOutputAutomatically>
    </recordLookups>
    <recordLookups>
        <name>Get_Service_Resource_Records</name>
        <label>Get Service Resource Records</label>
        <locationX>0</locationX>
        <locationY>0</locationY>
        <assignNullValuesIfNoRecordsFound>false</assignNullValuesIfNoRecordsFound>
        <connector>
            <targetReference>Get_Assigned_Resources</targetReference>
        </connector>
        <filterLogic>and</filterLogic>
        <filters>
            <field>IsActive</field>
            <operator>EqualTo</operator>
            <value>
                <booleanValue>true</booleanValue>
            </value>
        </filters>
        <filters>
            <field>Id</field>
            <operator>EqualTo</operator>
            <value>
                <elementReference>Iterating_STM.ServiceResourceId</elementReference>
            </value>
        </filters>
        <getFirstRecordOnly>true</getFirstRecordOnly>
        <object>ServiceResource</object>
        <sortField>CreatedDate</sortField>
        <sortOrder>Asc</sortOrder>
        <storeOutputAutomatically>true</storeOutputAutomatically>
    </recordLookups>
    <recordLookups>
        <name>Get_Service_Teritory_Member</name>
        <label>Get Service Teritory Member</label>
        <locationX>0</locationX>
        <locationY>0</locationY>
        <assignNullValuesIfNoRecordsFound>false</assignNullValuesIfNoRecordsFound>
        <connector>
            <targetReference>Iterating_STM</targetReference>
        </connector>
        <filterLogic>and</filterLogic>
        <filters>
            <field>ServiceTerritoryId</field>
            <operator>EqualTo</operator>
            <value>
                <elementReference>$Record.ServiceTerritoryId</elementReference>
            </value>
        </filters>
        <getFirstRecordOnly>false</getFirstRecordOnly>
        <object>ServiceTerritoryMember</object>
        <storeOutputAutomatically>true</storeOutputAutomatically>
    </recordLookups>
    <recordLookups>
        <name>Get_Work_Order_Records</name>
        <label>Get Work Order Records</label>
        <locationX>0</locationX>
        <locationY>0</locationY>
        <assignNullValuesIfNoRecordsFound>false</assignNullValuesIfNoRecordsFound>
        <connector>
            <targetReference>Get_Asset_Records</targetReference>
        </connector>
        <filterLogic>and</filterLogic>
        <filters>
            <field>Id</field>
            <operator>EqualTo</operator>
            <value>
                <elementReference>$Record.ParentRecordId</elementReference>
            </value>
        </filters>
        <filters>
            <field>Id</field>
            <operator>IsNull</operator>
            <value>
                <booleanValue>false</booleanValue>
            </value>
        </filters>
        <getFirstRecordOnly>true</getFirstRecordOnly>
        <object>WorkOrder</object>
        <storeOutputAutomatically>true</storeOutputAutomatically>
    </recordLookups>
    <recordUpdates>
        <name>Update_SA</name>
        <label>Update SA</label>
        <locationX>0</locationX>
        <locationY>0</locationY>
        <connector>
            <targetReference>Get_Service_Teritory_Member</targetReference>
        </connector>
        <inputAssignments>
            <field>City</field>
            <value>
                <elementReference>Get_Asset_Records.City</elementReference>
            </value>
        </inputAssignments>
        <inputAssignments>
            <field>ContactId</field>
            <value>
                <elementReference>Get_Asset_Records.ContactId</elementReference>
            </value>
        </inputAssignments>
        <inputAssignments>
            <field>Country</field>
            <value>
                <elementReference>Get_Asset_Records.Country</elementReference>
            </value>
        </inputAssignments>
        <inputAssignments>
            <field>PostalCode</field>
            <value>
                <elementReference>Get_Asset_Records.StateCode</elementReference>
            </value>
        </inputAssignments>
        <inputAssignments>
            <field>SchedEndTime</field>
            <value>
                <elementReference>endDate</elementReference>
            </value>
        </inputAssignments>
        <inputAssignments>
            <field>SchedStartTime</field>
            <value>
                <elementReference>$Flow.CurrentDateTime</elementReference>
            </value>
        </inputAssignments>
        <inputAssignments>
            <field>State</field>
            <value>
                <elementReference>Get_Asset_Records.State</elementReference>
            </value>
        </inputAssignments>
        <inputAssignments>
            <field>Street</field>
            <value>
                <elementReference>Get_Asset_Records.Street</elementReference>
            </value>
        </inputAssignments>
        <inputReference>$Record</inputReference>
    </recordUpdates>
    <recordUpdates>
        <name>Update_Service_Appointment</name>
        <label>Update Service Appointment</label>
        <locationX>0</locationX>
        <locationY>0</locationY>
        <connector>
            <targetReference>Iterating_STM</targetReference>
        </connector>
        <inputAssignments>
            <field>Status</field>
            <value>
                <stringValue>Dispatched</stringValue>
            </value>
        </inputAssignments>
        <inputReference>$Record</inputReference>
    </recordUpdates>
    <start>
        <locationX>0</locationX>
        <locationY>0</locationY>
        <connector>
            <targetReference>Get_Work_Order_Records</targetReference>
        </connector>
        <filterLogic>and</filterLogic>
        <filters>
            <field>Id</field>
            <operator>IsNull</operator>
            <value>
                <booleanValue>false</booleanValue>
            </value>
        </filters>
        <object>ServiceAppointment</object>
        <recordTriggerType>Create</recordTriggerType>
        <triggerType>RecordAfterSave</triggerType>
    </start>
    <status>Obsolete</status>
</Flow>
