<?xml version="1.0" encoding="UTF-8"?>
<Flow xmlns="http://soap.sforce.com/2006/04/metadata">
    <apiVersion>65.0</apiVersion>
    <areMetricsLoggedToDataCloud>false</areMetricsLoggedToDataCloud>
    <assignments>
        <name>Set_Target_Status</name>
        <label>Set Target Status</label>
        <locationX>0</locationX>
        <locationY>0</locationY>
        <assignmentItems>
            <assignToReference>TargetStatus</assignToReference>
            <operator>Assign</operator>
            <value>
                <elementReference>$Record.Status</elementReference>
            </value>
        </assignmentItems>
        <connector>
            <targetReference>update_Needed</targetReference>
        </connector>
    </assignments>
    <decisions>
        <name>Map_SA_Status_to_WO_Status</name>
        <label>“Map SA Status to WO Status”</label>
        <locationX>0</locationX>
        <locationY>0</locationY>
        <defaultConnectorLabel>Default Outcome</defaultConnectorLabel>
        <rules>
            <name>SA_In_Progress</name>
            <conditionLogic>and</conditionLogic>
            <conditions>
                <leftValueReference>$Record.Status</leftValueReference>
                <operator>EqualTo</operator>
                <rightValue>
                    <stringValue>In Progress</stringValue>
                </rightValue>
            </conditions>
            <connector>
                <targetReference>Set_Target_Status</targetReference>
            </connector>
            <label>SA In Progress</label>
        </rules>
        <rules>
            <name>SA_Completed</name>
            <conditionLogic>and</conditionLogic>
            <conditions>
                <leftValueReference>$Record.Status</leftValueReference>
                <operator>EqualTo</operator>
                <rightValue>
                    <stringValue>Completed</stringValue>
                </rightValue>
            </conditions>
            <connector>
                <targetReference>Set_Target_Status</targetReference>
            </connector>
            <label>SA Completed</label>
        </rules>
        <rules>
            <name>SA_Cannot_Complete</name>
            <conditionLogic>and</conditionLogic>
            <conditions>
                <leftValueReference>$Record.Status</leftValueReference>
                <operator>EqualTo</operator>
                <rightValue>
                    <stringValue>Cannot Complete</stringValue>
                </rightValue>
            </conditions>
            <connector>
                <targetReference>Set_Target_Status</targetReference>
            </connector>
            <label>SA Cannot Complete</label>
        </rules>
        <rules>
            <name>SA_Canceled</name>
            <conditionLogic>and</conditionLogic>
            <conditions>
                <leftValueReference>$Record.Status</leftValueReference>
                <operator>EqualTo</operator>
                <rightValue>
                    <stringValue>Canceled</stringValue>
                </rightValue>
            </conditions>
            <connector>
                <targetReference>Set_Target_Status</targetReference>
            </connector>
            <label>SA Canceled</label>
        </rules>
    </decisions>
    <decisions>
        <name>update_Needed</name>
        <label>update Needed?</label>
        <locationX>0</locationX>
        <locationY>0</locationY>
        <defaultConnectorLabel>Default Outcome</defaultConnectorLabel>
        <rules>
            <name>Update</name>
            <conditionLogic>and</conditionLogic>
            <conditions>
                <leftValueReference>Get_Work_Order.Status</leftValueReference>
                <operator>NotEqualTo</operator>
                <rightValue>
                    <elementReference>TargetStatus</elementReference>
                </rightValue>
            </conditions>
            <connector>
                <targetReference>Update_WO_Record</targetReference>
            </connector>
            <label>Update</label>
        </rules>
    </decisions>
    <environments>Default</environments>
    <interviewLabel>Technician Mobile Status Sync {!$Flow.CurrentDateTime}</interviewLabel>
    <label>Technician Mobile Status Sync</label>
    <processMetadataValues>
        <name>BuilderType</name>
        <value>
            <stringValue>LightningFlowBuilder</stringValue>
        </value>
    </processMetadataValues>
    <processMetadataValues>
        <name>CanvasMode</name>
        <value>
            <stringValue>AUTO_LAYOUT_CANVAS</stringValue>
        </value>
    </processMetadataValues>
    <processMetadataValues>
        <name>OriginBuilderType</name>
        <value>
            <stringValue>LightningFlowBuilder</stringValue>
        </value>
    </processMetadataValues>
    <processType>AutoLaunchedFlow</processType>
    <recordLookups>
        <name>Get_Work_Order</name>
        <label>Get Work Order</label>
        <locationX>0</locationX>
        <locationY>0</locationY>
        <assignNullValuesIfNoRecordsFound>false</assignNullValuesIfNoRecordsFound>
        <connector>
            <targetReference>Map_SA_Status_to_WO_Status</targetReference>
        </connector>
        <filterLogic>and</filterLogic>
        <filters>
            <field>Id</field>
            <operator>EqualTo</operator>
            <value>
                <elementReference>$Record.ParentRecordId</elementReference>
            </value>
        </filters>
        <getFirstRecordOnly>true</getFirstRecordOnly>
        <object>WorkOrder</object>
        <storeOutputAutomatically>true</storeOutputAutomatically>
    </recordLookups>
    <recordUpdates>
        <name>Update_WO_Record</name>
        <label>Update WO Record</label>
        <locationX>0</locationX>
        <locationY>0</locationY>
        <filterLogic>and</filterLogic>
        <filters>
            <field>Id</field>
            <operator>EqualTo</operator>
            <value>
                <elementReference>$Record.ParentRecordId</elementReference>
            </value>
        </filters>
        <inputAssignments>
            <field>Status</field>
            <value>
                <elementReference>TargetStatus</elementReference>
            </value>
        </inputAssignments>
        <object>WorkOrder</object>
    </recordUpdates>
    <start>
        <locationX>0</locationX>
        <locationY>0</locationY>
        <connector>
            <targetReference>Get_Work_Order</targetReference>
        </connector>
        <filterLogic>and</filterLogic>
        <filters>
            <field>ParentRecordId</field>
            <operator>IsNull</operator>
            <value>
                <booleanValue>false</booleanValue>
            </value>
        </filters>
        <filters>
            <field>Status</field>
            <operator>IsChanged</operator>
            <value>
                <booleanValue>true</booleanValue>
            </value>
        </filters>
        <object>ServiceAppointment</object>
        <recordTriggerType>Update</recordTriggerType>
        <triggerType>RecordAfterSave</triggerType>
    </start>
    <status>Active</status>
    <variables>
        <name>TargetStatus</name>
        <dataType>String</dataType>
        <isCollection>false</isCollection>
        <isInput>false</isInput>
        <isOutput>false</isOutput>
    </variables>
</Flow>
