<?xml version="1.0" encoding="UTF-8"?>
<Flow xmlns="http://soap.sforce.com/2006/04/metadata">
    <actionCalls>
        <name>invocable_class</name>
        <label>invocable class</label>
        <locationX>237</locationX>
        <locationY>284</locationY>
        <actionName>01pg5000002wUpNNotFound</actionName>
        <actionType>apex</actionType>
        <flowTransactionModel>Automatic</flowTransactionModel>
        <inputParameters>
            <name>telemetryIds</name>
            <value>
                <elementReference>$Record.Id</elementReference>
            </value>
        </inputParameters>
        <offset>0</offset>
    </actionCalls>
    <apiVersion>65.0</apiVersion>
    <areMetricsLoggedToDataCloud>false</areMetricsLoggedToDataCloud>
    <environments>Default</environments>
    <interviewLabel>Telemetry Prediction Service {!$Flow.CurrentDateTime}</interviewLabel>
    <label>Telemetry Prediction Service</label>
    <processMetadataValues>
        <name>BuilderType</name>
        <value>
            <stringValue>LightningFlowBuilder</stringValue>
        </value>
    </processMetadataValues>
    <processMetadataValues>
        <name>CanvasMode</name>
        <value>
            <stringValue>FREE_FORM_CANVAS</stringValue>
        </value>
    </processMetadataValues>
    <processMetadataValues>
        <name>OriginBuilderType</name>
        <value>
            <stringValue>LightningFlowBuilder</stringValue>
        </value>
    </processMetadataValues>
    <processType>AutoLaunchedFlow</processType>
    <start>
        <locationX>401</locationX>
        <locationY>48</locationY>
        <connector>
            <targetReference>invocable_class</targetReference>
        </connector>
        <filterLogic>and</filterLogic>
        <filters>
            <field>Failure_Probability__c</field>
            <operator>IsNull</operator>
            <value>
                <booleanValue>true</booleanValue>
            </value>
        </filters>
        <filters>
            <field>Prediction_Processed__c</field>
            <operator>EqualTo</operator>
            <value>
                <booleanValue>false</booleanValue>
            </value>
        </filters>
        <filters>
            <field>Asset__c</field>
            <operator>IsNull</operator>
            <value>
                <booleanValue>false</booleanValue>
            </value>
        </filters>
        <filters>
            <field>Temperature__c</field>
            <operator>IsNull</operator>
            <value>
                <booleanValue>false</booleanValue>
            </value>
        </filters>
        <filters>
            <field>Vibration__c</field>
            <operator>IsNull</operator>
            <value>
                <booleanValue>false</booleanValue>
            </value>
        </filters>
        <object>Telemetry__c</object>
        <recordTriggerType>CreateAndUpdate</recordTriggerType>
        <triggerType>RecordAfterSave</triggerType>
    </start>
    <status>Obsolete</status>
</Flow>
