<?xml version="1.0" encoding="UTF-8"?>
<Flow xmlns="http://soap.sforce.com/2006/04/metadata">
    <actionCalls>
        <name>prediction_model</name>
        <label>prediction model</label>
        <locationX>0</locationX>
        <locationY>0</locationY>
        <actionName>Predicted_Is_Failure_CM_12l_OxJ59039c81</actionName>
        <actionType>cdpMlPrediction</actionType>
        <connector>
            <targetReference>Update_Telemetry_records</targetReference>
        </connector>
        <flowTransactionModel>CurrentTransaction</flowTransactionModel>
        <inputParameters>
            <name>param_Name__c</name>
            <value>
                <elementReference>Get_Telemetry_Records.Name</elementReference>
            </value>
        </inputParameters>
        <inputParameters>
            <name>param_Asset_c__c</name>
            <value>
                <elementReference>Get_Related_Asset.Name</elementReference>
            </value>
        </inputParameters>
        <inputParameters>
            <name>param_Temperature_c__c</name>
            <value>
                <elementReference>Get_Telemetry_Records.Temperature__c</elementReference>
            </value>
        </inputParameters>
        <inputParameters>
            <name>param_Vibration_c__c</name>
            <value>
                <elementReference>Get_Telemetry_Records.Vibration__c</elementReference>
            </value>
        </inputParameters>
        <nameSegment>Predicted_Is_Failure_CM_12l_OxJ59039c81</nameSegment>
        <offset>0</offset>
        <outputParameters>
            <assignToReference>varFaultProbability</assignToReference>
            <name>prediction</name>
        </outputParameters>
    </actionCalls>
    <apiVersion>65.0</apiVersion>
    <areMetricsLoggedToDataCloud>false</areMetricsLoggedToDataCloud>
    <decisions>
        <name>is_probablity_greater_than_70</name>
        <label>is probablity greater than 70</label>
        <locationX>0</locationX>
        <locationY>0</locationY>
        <defaultConnector>
            <targetReference>Copy_1_of_update_is_failure</targetReference>
        </defaultConnector>
        <defaultConnectorLabel>Default Outcome</defaultConnectorLabel>
        <rules>
            <name>yes</name>
            <conditionLogic>and</conditionLogic>
            <conditions>
                <leftValueReference>varFaultProbability</leftValueReference>
                <operator>GreaterThanOrEqualTo</operator>
                <rightValue>
                    <numberValue>70.0</numberValue>
                </rightValue>
            </conditions>
            <connector>
                <targetReference>update_is_failure</targetReference>
            </connector>
            <label>yes</label>
        </rules>
    </decisions>
    <environments>Default</environments>
    <interviewLabel>Telemetry_Prediction_Subflow {!$Flow.CurrentDateTime}</interviewLabel>
    <label>Telemetry_Prediction_Subflow</label>
    <processMetadataValues>
        <name>BuilderType</name>
        <value>
            <stringValue>LightningFlowBuilder</stringValue>
        </value>
    </processMetadataValues>
    <processMetadataValues>
        <name>CanvasMode</name>
        <value>
            <stringValue>AUTO_LAYOUT_CANVAS</stringValue>
        </value>
    </processMetadataValues>
    <processMetadataValues>
        <name>OriginBuilderType</name>
        <value>
            <stringValue>LightningFlowBuilder</stringValue>
        </value>
    </processMetadataValues>
    <processType>AutoLaunchedFlow</processType>
    <recordLookups>
        <name>Get_Related_Asset</name>
        <label>Get Related Asset</label>
        <locationX>0</locationX>
        <locationY>0</locationY>
        <assignNullValuesIfNoRecordsFound>false</assignNullValuesIfNoRecordsFound>
        <connector>
            <targetReference>prediction_model</targetReference>
        </connector>
        <filterLogic>and</filterLogic>
        <filters>
            <field>Id</field>
            <operator>EqualTo</operator>
            <value>
                <elementReference>Get_Telemetry_Records.Asset__c</elementReference>
            </value>
        </filters>
        <getFirstRecordOnly>true</getFirstRecordOnly>
        <object>Asset</object>
        <storeOutputAutomatically>true</storeOutputAutomatically>
    </recordLookups>
    <recordLookups>
        <name>Get_Telemetry_Records</name>
        <label>Get Telemetry Records</label>
        <locationX>0</locationX>
        <locationY>0</locationY>
        <assignNullValuesIfNoRecordsFound>false</assignNullValuesIfNoRecordsFound>
        <connector>
            <targetReference>Get_Related_Asset</targetReference>
        </connector>
        <filterLogic>and</filterLogic>
        <filters>
            <field>Id</field>
            <operator>EqualTo</operator>
            <value>
                <elementReference>recordId</elementReference>
            </value>
        </filters>
        <getFirstRecordOnly>true</getFirstRecordOnly>
        <object>Telemetry__c</object>
        <storeOutputAutomatically>true</storeOutputAutomatically>
    </recordLookups>
    <recordUpdates>
        <name>Copy_1_of_update_is_failure</name>
        <label>Copy 1 of update is failure</label>
        <locationX>0</locationX>
        <locationY>0</locationY>
        <filterLogic>and</filterLogic>
        <filters>
            <field>Id</field>
            <operator>EqualTo</operator>
            <value>
                <elementReference>Get_Telemetry_Records.Id</elementReference>
            </value>
        </filters>
        <inputAssignments>
            <field>Is_Failure__c</field>
            <value>
                <booleanValue>false</booleanValue>
            </value>
        </inputAssignments>
        <object>Telemetry__c</object>
    </recordUpdates>
    <recordUpdates>
        <name>update_is_failure</name>
        <label>update is failure</label>
        <locationX>0</locationX>
        <locationY>0</locationY>
        <filterLogic>and</filterLogic>
        <filters>
            <field>Id</field>
            <operator>EqualTo</operator>
            <value>
                <elementReference>Get_Telemetry_Records.Id</elementReference>
            </value>
        </filters>
        <inputAssignments>
            <field>Is_Failure__c</field>
            <value>
                <booleanValue>true</booleanValue>
            </value>
        </inputAssignments>
        <object>Telemetry__c</object>
    </recordUpdates>
    <recordUpdates>
        <name>Update_Telemetry_records</name>
        <label>Update Telemetry records</label>
        <locationX>0</locationX>
        <locationY>0</locationY>
        <connector>
            <targetReference>is_probablity_greater_than_70</targetReference>
        </connector>
        <filterLogic>and</filterLogic>
        <filters>
            <field>Id</field>
            <operator>EqualTo</operator>
            <value>
                <elementReference>Get_Telemetry_Records.Id</elementReference>
            </value>
        </filters>
        <inputAssignments>
            <field>Failure_Probability__c</field>
            <value>
                <elementReference>varFaultProbability</elementReference>
            </value>
        </inputAssignments>
        <object>Telemetry__c</object>
    </recordUpdates>
    <runInMode>DefaultMode</runInMode>
    <start>
        <locationX>0</locationX>
        <locationY>0</locationY>
        <connector>
            <targetReference>Get_Telemetry_Records</targetReference>
        </connector>
    </start>
    <status>Obsolete</status>
    <variables>
        <name>recordId</name>
        <dataType>String</dataType>
        <isCollection>false</isCollection>
        <isInput>true</isInput>
        <isOutput>false</isOutput>
    </variables>
    <variables>
        <name>varFaultProbability</name>
        <dataType>Number</dataType>
        <isCollection>false</isCollection>
        <isInput>false</isInput>
        <isOutput>false</isOutput>
        <scale>2</scale>
    </variables>
</Flow>
