<?xml version="1.0" encoding="UTF-8"?>
<Flow xmlns="http://soap.sforce.com/2006/04/metadata">
    <actionCalls>
        <name>Creating_Incident</name>
        <label>Creating Incident</label>
        <locationX>0</locationX>
        <locationY>0</locationY>
        <actionName>ServiceNowFlowInvoker</actionName>
        <actionType>apex</actionType>
        <flowTransactionModel>Automatic</flowTransactionModel>
        <inputParameters>
            <name>description</name>
            <value>
                <elementReference>Create_Work_Order_with_Service_Now.Description</elementReference>
            </value>
        </inputParameters>
        <inputParameters>
            <name>recordId</name>
            <value>
                <elementReference>$Record.Id</elementReference>
            </value>
        </inputParameters>
        <inputParameters>
            <name>shortDescription</name>
            <value>
                <elementReference>Create_Work_Order_with_Service_Now.Subject</elementReference>
            </value>
        </inputParameters>
        <nameSegment>ServiceNowFlowInvoker</nameSegment>
        <offset>0</offset>
    </actionCalls>
    <apiVersion>65.0</apiVersion>
    <areMetricsLoggedToDataCloud>false</areMetricsLoggedToDataCloud>
    <decisions>
        <name>Check_Incident_Duplication</name>
        <label>Check Incident Duplication</label>
        <locationX>0</locationX>
        <locationY>0</locationY>
        <defaultConnectorLabel>Default Outcome</defaultConnectorLabel>
        <rules>
            <name>Checks_Incident_Exists</name>
            <conditionLogic>and</conditionLogic>
            <conditions>
                <leftValueReference>$Record.SN_Incident_Number__c</leftValueReference>
                <operator>IsNull</operator>
                <rightValue>
                    <booleanValue>true</booleanValue>
                </rightValue>
            </conditions>
            <conditions>
                <leftValueReference>$Record.SN_Incident_Sys_Id__c</leftValueReference>
                <operator>IsNull</operator>
                <rightValue>
                    <booleanValue>true</booleanValue>
                </rightValue>
            </conditions>
            <connector>
                <targetReference>Creating_Incident</targetReference>
            </connector>
            <label>Checks Incident Exists</label>
        </rules>
    </decisions>
    <decisions>
        <name>Checking_Probality_Failure_Value</name>
        <label>Checking Probality Failure Value</label>
        <locationX>0</locationX>
        <locationY>0</locationY>
        <defaultConnectorLabel>Default Outcome</defaultConnectorLabel>
        <rules>
            <name>If_Proability_value_less_than_85</name>
            <conditionLogic>and</conditionLogic>
            <conditions>
                <leftValueReference>$Record.Id</leftValueReference>
                <operator>IsNull</operator>
                <rightValue>
                    <booleanValue>false</booleanValue>
                </rightValue>
            </conditions>
            <conditions>
                <leftValueReference>$Record.Failure_Probability__c</leftValueReference>
                <operator>GreaterThanOrEqualTo</operator>
                <rightValue>
                    <numberValue>75.0</numberValue>
                </rightValue>
            </conditions>
            <conditions>
                <leftValueReference>$Record.Failure_Probability__c</leftValueReference>
                <operator>LessThanOrEqualTo</operator>
                <rightValue>
                    <numberValue>85.0</numberValue>
                </rightValue>
            </conditions>
            <connector>
                <targetReference>Create_Work_Order_with_Service_Now</targetReference>
            </connector>
            <label>If Proability value less than 85%</label>
        </rules>
        <rules>
            <name>Probability_Greater_Than_85</name>
            <conditionLogic>and</conditionLogic>
            <conditions>
                <leftValueReference>$Record.Id</leftValueReference>
                <operator>IsNull</operator>
                <rightValue>
                    <booleanValue>false</booleanValue>
                </rightValue>
            </conditions>
            <conditions>
                <leftValueReference>$Record.Failure_Probability__c</leftValueReference>
                <operator>GreaterThanOrEqualTo</operator>
                <rightValue>
                    <numberValue>85.0</numberValue>
                </rightValue>
            </conditions>
            <connector>
                <targetReference>Create_Critical_Work_Order</targetReference>
            </connector>
            <label>Probability Greater Than 85%</label>
        </rules>
    </decisions>
    <decisions>
        <name>Existing_Work_Order</name>
        <label>Existing Work Order</label>
        <locationX>0</locationX>
        <locationY>0</locationY>
        <defaultConnector>
            <targetReference>Checking_Probality_Failure_Value</targetReference>
        </defaultConnector>
        <defaultConnectorLabel>Default Outcome</defaultConnectorLabel>
        <rules>
            <name>Yes</name>
            <conditionLogic>and</conditionLogic>
            <conditions>
                <leftValueReference>Get_Work_orders</leftValueReference>
                <operator>IsNull</operator>
                <rightValue>
                    <booleanValue>false</booleanValue>
                </rightValue>
            </conditions>
            <label>Yes</label>
        </rules>
    </decisions>
    <environments>Default</environments>
    <formulas>
        <name>endDate</name>
        <dataType>DateTime</dataType>
        <expression>{!$Flow.CurrentDateTime} + 7</expression>
    </formulas>
    <formulas>
        <name>Subject</name>
        <dataType>String</dataType>
        <expression>&quot;Predictive Maintenance Required: &quot; &amp; {!Get_Asset_Record.Name}</expression>
    </formulas>
    <formulas>
        <name>VideoLinkFormula</name>
        <dataType>String</dataType>
        <expression>&quot;https://meet.jit.si/WO-&quot; &amp;
{!Create_Work_Order_with_Service_Now.WorkOrderNumber} &amp;
&quot;-&quot; &amp;
TEXT( ROUND( (NOW() - DATETIMEVALUE(&quot;1970-01-01 00:00:00&quot;)) * 86400000 , 0 ) )</expression>
    </formulas>
    <interviewLabel>Telemetry High Risk Work Order Flow {!$Flow.CurrentDateTime}</interviewLabel>
    <label>Telemetry High Risk Work Order Flow</label>
    <processMetadataValues>
        <name>BuilderType</name>
        <value>
            <stringValue>LightningFlowBuilder</stringValue>
        </value>
    </processMetadataValues>
    <processMetadataValues>
        <name>CanvasMode</name>
        <value>
            <stringValue>AUTO_LAYOUT_CANVAS</stringValue>
        </value>
    </processMetadataValues>
    <processMetadataValues>
        <name>OriginBuilderType</name>
        <value>
            <stringValue>LightningFlowBuilder</stringValue>
        </value>
    </processMetadataValues>
    <processType>AutoLaunchedFlow</processType>
    <recordCreates>
        <name>Create_Critical_Work_Order</name>
        <label>Create Critical Work Order</label>
        <locationX>0</locationX>
        <locationY>0</locationY>
        <connector>
            <targetReference>Update_Telemetry_Record_WO</targetReference>
        </connector>
        <inputAssignments>
            <field>AccountId</field>
            <value>
                <elementReference>Get_Asset_Record.AccountId</elementReference>
            </value>
        </inputAssignments>
        <inputAssignments>
            <field>AssetId</field>
            <value>
                <elementReference>$Record.Asset__c</elementReference>
            </value>
        </inputAssignments>
        <inputAssignments>
            <field>Description</field>
            <value>
                <stringValue>Automated alert due to high vibration levels detected.</stringValue>
            </value>
        </inputAssignments>
        <inputAssignments>
            <field>EndDate</field>
            <value>
                <elementReference>endDate</elementReference>
            </value>
        </inputAssignments>
        <inputAssignments>
            <field>Priority</field>
            <value>
                <stringValue>High</stringValue>
            </value>
        </inputAssignments>
        <inputAssignments>
            <field>ServiceTerritoryId</field>
            <value>
                <elementReference>Get_Asset_Record.Service_Territory__c</elementReference>
            </value>
        </inputAssignments>
        <inputAssignments>
            <field>StartDate</field>
            <value>
                <elementReference>$Flow.CurrentDateTime</elementReference>
            </value>
        </inputAssignments>
        <inputAssignments>
            <field>Status</field>
            <value>
                <stringValue>New</stringValue>
            </value>
        </inputAssignments>
        <inputAssignments>
            <field>Subject</field>
            <value>
                <stringValue>Critical Work Order</stringValue>
            </value>
        </inputAssignments>
        <inputAssignments>
            <field>Video_Call_Link__c</field>
            <value>
                <elementReference>VideoLinkFormula</elementReference>
            </value>
        </inputAssignments>
        <inputAssignments>
            <field>WorkTypeId</field>
            <value>
                <elementReference>Get_Work_Type.Id</elementReference>
            </value>
        </inputAssignments>
        <object>WorkOrder</object>
        <storeOutputAutomatically>true</storeOutputAutomatically>
    </recordCreates>
    <recordCreates>
        <name>Create_Work_Order_with_Service_Now</name>
        <label>Create Work Order with Service Now</label>
        <locationX>0</locationX>
        <locationY>0</locationY>
        <connector>
            <targetReference>Update_Telemetry_Record</targetReference>
        </connector>
        <inputAssignments>
            <field>AccountId</field>
            <value>
                <elementReference>Get_Asset_Record.AccountId</elementReference>
            </value>
        </inputAssignments>
        <inputAssignments>
            <field>AssetId</field>
            <value>
                <elementReference>$Record.Asset__c</elementReference>
            </value>
        </inputAssignments>
        <inputAssignments>
            <field>Description</field>
            <value>
                <stringValue>Normal Work Order with ServiceNow</stringValue>
            </value>
        </inputAssignments>
        <inputAssignments>
            <field>EndDate</field>
            <value>
                <elementReference>endDate</elementReference>
            </value>
        </inputAssignments>
        <inputAssignments>
            <field>Priority</field>
            <value>
                <stringValue>Medium</stringValue>
            </value>
        </inputAssignments>
        <inputAssignments>
            <field>ServiceTerritoryId</field>
            <value>
                <elementReference>Get_Asset_Record.Service_Territory__c</elementReference>
            </value>
        </inputAssignments>
        <inputAssignments>
            <field>StartDate</field>
            <value>
                <elementReference>$Flow.CurrentDateTime</elementReference>
            </value>
        </inputAssignments>
        <inputAssignments>
            <field>Status</field>
            <value>
                <stringValue>New</stringValue>
            </value>
        </inputAssignments>
        <inputAssignments>
            <field>Subject</field>
            <value>
                <stringValue>Normal Work Order with ServiceNow</stringValue>
            </value>
        </inputAssignments>
        <inputAssignments>
            <field>Video_Call_Link__c</field>
            <value>
                <elementReference>VideoLinkFormula</elementReference>
            </value>
        </inputAssignments>
        <inputAssignments>
            <field>WorkTypeId</field>
            <value>
                <elementReference>Get_Work_Type.Id</elementReference>
            </value>
        </inputAssignments>
        <object>WorkOrder</object>
        <storeOutputAutomatically>true</storeOutputAutomatically>
    </recordCreates>
    <recordLookups>
        <name>Get_Asset_Record</name>
        <label>Get Asset Record</label>
        <locationX>0</locationX>
        <locationY>0</locationY>
        <assignNullValuesIfNoRecordsFound>false</assignNullValuesIfNoRecordsFound>
        <connector>
            <targetReference>Get_Work_orders</targetReference>
        </connector>
        <filterLogic>and</filterLogic>
        <filters>
            <field>Id</field>
            <operator>EqualTo</operator>
            <value>
                <elementReference>$Record.Asset__c</elementReference>
            </value>
        </filters>
        <getFirstRecordOnly>true</getFirstRecordOnly>
        <object>Asset</object>
        <storeOutputAutomatically>true</storeOutputAutomatically>
    </recordLookups>
    <recordLookups>
        <name>Get_Work_orders</name>
        <label>Get Work orders</label>
        <locationX>0</locationX>
        <locationY>0</locationY>
        <assignNullValuesIfNoRecordsFound>false</assignNullValuesIfNoRecordsFound>
        <connector>
            <targetReference>Get_Work_Type</targetReference>
        </connector>
        <filterLogic>and</filterLogic>
        <filters>
            <field>AssetId</field>
            <operator>EqualTo</operator>
            <value>
                <elementReference>$Record.Asset__c</elementReference>
            </value>
        </filters>
        <filters>
            <field>Status</field>
            <operator>NotEqualTo</operator>
            <value>
                <stringValue>Closed</stringValue>
            </value>
        </filters>
        <filters>
            <field>Subject</field>
            <operator>Contains</operator>
            <value>
                <stringValue>Predictive Maintenance</stringValue>
            </value>
        </filters>
        <getFirstRecordOnly>true</getFirstRecordOnly>
        <object>WorkOrder</object>
        <storeOutputAutomatically>true</storeOutputAutomatically>
    </recordLookups>
    <recordLookups>
        <name>Get_Work_Type</name>
        <label>Get Work Type</label>
        <locationX>0</locationX>
        <locationY>0</locationY>
        <assignNullValuesIfNoRecordsFound>false</assignNullValuesIfNoRecordsFound>
        <connector>
            <targetReference>Existing_Work_Order</targetReference>
        </connector>
        <filterLogic>and</filterLogic>
        <filters>
            <field>Id</field>
            <operator>IsNull</operator>
            <value>
                <booleanValue>false</booleanValue>
            </value>
        </filters>
        <getFirstRecordOnly>true</getFirstRecordOnly>
        <object>WorkType</object>
        <storeOutputAutomatically>true</storeOutputAutomatically>
    </recordLookups>
    <recordUpdates>
        <name>Update_Telemetry_Record</name>
        <label>Update Telemetry Record</label>
        <locationX>0</locationX>
        <locationY>0</locationY>
        <connector>
            <targetReference>Check_Incident_Duplication</targetReference>
        </connector>
        <inputAssignments>
            <field>Work_Order__c</field>
            <value>
                <elementReference>Create_Work_Order_with_Service_Now.Id</elementReference>
            </value>
        </inputAssignments>
        <inputReference>$Record</inputReference>
    </recordUpdates>
    <recordUpdates>
        <name>Update_Telemetry_Record_WO</name>
        <label>Update Telemetry Record WO</label>
        <locationX>0</locationX>
        <locationY>0</locationY>
        <inputAssignments>
            <field>Work_Order__c</field>
            <value>
                <elementReference>Create_Critical_Work_Order.Id</elementReference>
            </value>
        </inputAssignments>
        <inputReference>$Record</inputReference>
    </recordUpdates>
    <start>
        <locationX>0</locationX>
        <locationY>0</locationY>
        <connector>
            <targetReference>Get_Asset_Record</targetReference>
        </connector>
        <doesRequireRecordChangedToMeetCriteria>true</doesRequireRecordChangedToMeetCriteria>
        <filterLogic>and</filterLogic>
        <filters>
            <field>Failure_Probability__c</field>
            <operator>IsNull</operator>
            <value>
                <booleanValue>false</booleanValue>
            </value>
        </filters>
        <filters>
            <field>Is_Failure__c</field>
            <operator>EqualTo</operator>
            <value>
                <booleanValue>true</booleanValue>
            </value>
        </filters>
        <object>Telemetry__c</object>
        <recordTriggerType>Update</recordTriggerType>
        <triggerType>RecordAfterSave</triggerType>
    </start>
    <status>Obsolete</status>
</Flow>
