<?xml version="1.0" encoding="UTF-8"?>
<Flow xmlns="http://soap.sforce.com/2006/04/metadata">
    <actionCalls>
        <name>prediction_model</name>
        <label>prediction model</label>
        <locationX>315</locationX>
        <locationY>283</locationY>
        <actionName>Predicted_Is_Failure_CM_12l_OxJ59039c81</actionName>
        <actionType>cdpMlPrediction</actionType>
        <connector>
            <targetReference>is_failure</targetReference>
        </connector>
        <flowTransactionModel>CurrentTransaction</flowTransactionModel>
        <inputParameters>
            <name>param_Asset_c__c</name>
            <value>
                <elementReference>Get_Asset.Name</elementReference>
            </value>
        </inputParameters>
        <inputParameters>
            <name>param_Vibration_c__c</name>
            <value>
                <elementReference>$Record.Vibration__c</elementReference>
            </value>
        </inputParameters>
        <inputParameters>
            <name>param_Temperature_c__c</name>
            <value>
                <elementReference>$Record.Temperature__c</elementReference>
            </value>
        </inputParameters>
        <inputParameters>
            <name>param_Name__c</name>
            <value>
                <elementReference>$Record.Name</elementReference>
            </value>
        </inputParameters>
        <nameSegment>Predicted_Is_Failure_CM_12l_OxJ59039c81</nameSegment>
        <offset>0</offset>
        <outputParameters>
            <assignToReference>varFaultProbability</assignToReference>
            <name>prediction</name>
        </outputParameters>
    </actionCalls>
    <apiVersion>65.0</apiVersion>
    <areMetricsLoggedToDataCloud>false</areMetricsLoggedToDataCloud>
    <assignments>
        <name>set_failure_false</name>
        <label>set failure false</label>
        <locationX>702</locationX>
        <locationY>388</locationY>
        <assignmentItems>
            <assignToReference>$Record.Is_Failure__c</assignToReference>
            <operator>Assign</operator>
            <value>
                <booleanValue>false</booleanValue>
            </value>
        </assignmentItems>
        <assignmentItems>
            <assignToReference>$Record.Failure_Probability__c</assignToReference>
            <operator>Assign</operator>
            <value>
                <elementReference>varFaultProbability</elementReference>
            </value>
        </assignmentItems>
    </assignments>
    <assignments>
        <name>set_failure_true</name>
        <label>set failure true</label>
        <locationX>803</locationX>
        <locationY>226</locationY>
        <assignmentItems>
            <assignToReference>$Record.Is_Failure__c</assignToReference>
            <operator>Assign</operator>
            <value>
                <booleanValue>true</booleanValue>
            </value>
        </assignmentItems>
        <assignmentItems>
            <assignToReference>$Record.Failure_Probability__c</assignToReference>
            <operator>Assign</operator>
            <value>
                <elementReference>varFaultProbability</elementReference>
            </value>
        </assignmentItems>
        <connector>
            <targetReference>update_telemetry_records</targetReference>
        </connector>
    </assignments>
    <decisions>
        <name>is_failure</name>
        <label>is failure?</label>
        <locationX>495</locationX>
        <locationY>295</locationY>
        <defaultConnector>
            <targetReference>set_failure_false</targetReference>
        </defaultConnector>
        <defaultConnectorLabel>Default Outcome</defaultConnectorLabel>
        <rules>
            <name>yes</name>
            <conditionLogic>and</conditionLogic>
            <conditions>
                <leftValueReference>varFaultProbability</leftValueReference>
                <operator>GreaterThanOrEqualTo</operator>
                <rightValue>
                    <numberValue>70.0</numberValue>
                </rightValue>
            </conditions>
            <connector>
                <targetReference>set_failure_true</targetReference>
            </connector>
            <label>yes</label>
        </rules>
    </decisions>
    <environments>Default</environments>
    <interviewLabel>update all telemtrys {!$Flow.CurrentDateTime}</interviewLabel>
    <label>update all telemtrys</label>
    <processMetadataValues>
        <name>BuilderType</name>
        <value>
            <stringValue>LightningFlowBuilder</stringValue>
        </value>
    </processMetadataValues>
    <processMetadataValues>
        <name>CanvasMode</name>
        <value>
            <stringValue>FREE_FORM_CANVAS</stringValue>
        </value>
    </processMetadataValues>
    <processMetadataValues>
        <name>OriginBuilderType</name>
        <value>
            <stringValue>LightningFlowBuilder</stringValue>
        </value>
    </processMetadataValues>
    <processType>AutoLaunchedFlow</processType>
    <recordLookups>
        <name>Get_Asset</name>
        <label>Get Asset</label>
        <locationX>231</locationX>
        <locationY>196</locationY>
        <assignNullValuesIfNoRecordsFound>false</assignNullValuesIfNoRecordsFound>
        <connector>
            <targetReference>prediction_model</targetReference>
        </connector>
        <filterLogic>and</filterLogic>
        <filters>
            <field>Id</field>
            <operator>EqualTo</operator>
            <value>
                <elementReference>$Record.Asset__c</elementReference>
            </value>
        </filters>
        <getFirstRecordOnly>true</getFirstRecordOnly>
        <object>Asset</object>
        <storeOutputAutomatically>true</storeOutputAutomatically>
    </recordLookups>
    <recordUpdates>
        <name>update_telemetry_records</name>
        <label>update telemetry records</label>
        <locationX>927</locationX>
        <locationY>227</locationY>
        <inputReference>$Record</inputReference>
    </recordUpdates>
    <start>
        <locationX>401</locationX>
        <locationY>48</locationY>
        <connector>
            <targetReference>Get_Asset</targetReference>
        </connector>
        <filterLogic>and</filterLogic>
        <filters>
            <field>Failure_Probability__c</field>
            <operator>IsNull</operator>
            <value>
                <booleanValue>true</booleanValue>
            </value>
        </filters>
        <filters>
            <field>Temperature__c</field>
            <operator>IsNull</operator>
            <value>
                <booleanValue>false</booleanValue>
            </value>
        </filters>
        <filters>
            <field>Vibration__c</field>
            <operator>IsNull</operator>
            <value>
                <booleanValue>false</booleanValue>
            </value>
        </filters>
        <filters>
            <field>Asset__c</field>
            <operator>IsNull</operator>
            <value>
                <booleanValue>false</booleanValue>
            </value>
        </filters>
        <object>Telemetry__c</object>
        <schedule>
            <frequency>Daily</frequency>
            <startDate>2026-02-06</startDate>
            <startTime>11:00:00.000Z</startTime>
        </schedule>
        <triggerType>Scheduled</triggerType>
    </start>
    <status>Obsolete</status>
    <variables>
        <name>colTelemetryToUpdate</name>
        <dataType>SObject</dataType>
        <isCollection>true</isCollection>
        <isInput>false</isInput>
        <isOutput>false</isOutput>
        <objectType>Telemetry__c</objectType>
    </variables>
    <variables>
        <name>varFaultProbability</name>
        <dataType>Number</dataType>
        <isCollection>false</isCollection>
        <isInput>false</isInput>
        <isOutput>false</isOutput>
        <scale>2</scale>
    </variables>
</Flow>
