<?xml version="1.0" encoding="UTF-8"?>
<Flow xmlns="http://soap.sforce.com/2006/04/metadata">
    <apiVersion>65.0</apiVersion>
    <areMetricsLoggedToDataCloud>false</areMetricsLoggedToDataCloud>
    <decisions>
        <name>Is_This_Latest_Telemetry</name>
        <label>Is This Latest Telemetry?</label>
        <locationX>0</locationX>
        <locationY>0</locationY>
        <defaultConnectorLabel>Default Outcome</defaultConnectorLabel>
        <rules>
            <name>Update_Asset</name>
            <conditionLogic>and</conditionLogic>
            <conditions>
                <leftValueReference>$Record.Timestamp__c</leftValueReference>
                <operator>GreaterThanOrEqualTo</operator>
                <rightValue>
                    <elementReference>Get_Asset_Records.Latest_Telemetry_Date__c</elementReference>
                </rightValue>
            </conditions>
            <conditions>
                <leftValueReference>Get_Asset_Records.Latest_Telemetry_Date__c</leftValueReference>
                <operator>IsNull</operator>
                <rightValue>
                    <booleanValue>true</booleanValue>
                </rightValue>
            </conditions>
            <connector>
                <targetReference>Update_Asset_Latest_Values</targetReference>
            </connector>
            <label>Update Asset</label>
        </rules>
    </decisions>
    <environments>Default</environments>
    <interviewLabel>Updating Health Condition {!$Flow.CurrentDateTime}</interviewLabel>
    <label>Updating Asset Condition</label>
    <processMetadataValues>
        <name>BuilderType</name>
        <value>
            <stringValue>LightningFlowBuilder</stringValue>
        </value>
    </processMetadataValues>
    <processMetadataValues>
        <name>CanvasMode</name>
        <value>
            <stringValue>AUTO_LAYOUT_CANVAS</stringValue>
        </value>
    </processMetadataValues>
    <processMetadataValues>
        <name>OriginBuilderType</name>
        <value>
            <stringValue>LightningFlowBuilder</stringValue>
        </value>
    </processMetadataValues>
    <processType>AutoLaunchedFlow</processType>
    <recordLookups>
        <name>Get_Asset_Records</name>
        <label>Get Asset Records</label>
        <locationX>0</locationX>
        <locationY>0</locationY>
        <assignNullValuesIfNoRecordsFound>false</assignNullValuesIfNoRecordsFound>
        <connector>
            <targetReference>Is_This_Latest_Telemetry</targetReference>
        </connector>
        <filterLogic>and</filterLogic>
        <filters>
            <field>Id</field>
            <operator>EqualTo</operator>
            <value>
                <elementReference>$Record.Asset__c</elementReference>
            </value>
        </filters>
        <getFirstRecordOnly>true</getFirstRecordOnly>
        <object>Asset</object>
        <storeOutputAutomatically>true</storeOutputAutomatically>
    </recordLookups>
    <recordUpdates>
        <name>Update_Asset_Latest_Values</name>
        <label>Update Asset Latest Values</label>
        <locationX>0</locationX>
        <locationY>0</locationY>
        <filterLogic>and</filterLogic>
        <filters>
            <field>Id</field>
            <operator>EqualTo</operator>
            <value>
                <elementReference>$Record.Asset__c</elementReference>
            </value>
        </filters>
        <inputAssignments>
            <field>Latest_Failure_Probability__c</field>
            <value>
                <elementReference>$Record.Failure_Probability__c</elementReference>
            </value>
        </inputAssignments>
        <inputAssignments>
            <field>Latest_Telemetry_Date__c</field>
            <value>
                <elementReference>$Record.Timestamp__c</elementReference>
            </value>
        </inputAssignments>
        <object>Asset</object>
    </recordUpdates>
    <start>
        <locationX>0</locationX>
        <locationY>0</locationY>
        <connector>
            <targetReference>Get_Asset_Records</targetReference>
        </connector>
        <filterLogic>and</filterLogic>
        <filters>
            <field>Failure_Probability__c</field>
            <operator>IsChanged</operator>
            <value>
                <booleanValue>true</booleanValue>
            </value>
        </filters>
        <object>Telemetry__c</object>
        <recordTriggerType>CreateAndUpdate</recordTriggerType>
        <triggerType>RecordAfterSave</triggerType>
    </start>
    <status>Active</status>
</Flow>
