<?xml version="1.0" encoding="UTF-8"?>
<Flow xmlns="http://soap.sforce.com/2006/04/metadata">
    <apiVersion>65.0</apiVersion>
    <areMetricsLoggedToDataCloud>false</areMetricsLoggedToDataCloud>
    <environments>Default</environments>
    <interviewLabel>Update SN on Work Order {!$Flow.CurrentDateTime}</interviewLabel>
    <label>Update SN on Work Order</label>
    <processMetadataValues>
        <name>BuilderType</name>
        <value>
            <stringValue>LightningFlowBuilder</stringValue>
        </value>
    </processMetadataValues>
    <processMetadataValues>
        <name>CanvasMode</name>
        <value>
            <stringValue>FREE_FORM_CANVAS</stringValue>
        </value>
    </processMetadataValues>
    <processMetadataValues>
        <name>OriginBuilderType</name>
        <value>
            <stringValue>LightningFlowBuilder</stringValue>
        </value>
    </processMetadataValues>
    <processType>AutoLaunchedFlow</processType>
    <recordUpdates>
        <name>Update_related_work_order</name>
        <label>Update related work order</label>
        <locationX>333</locationX>
        <locationY>358</locationY>
        <inputAssignments>
            <field>ServiceNow_Sys_Id__c</field>
            <value>
                <elementReference>$Record.SN_Incident_Sys_Id__c</elementReference>
            </value>
        </inputAssignments>
        <inputReference>$Record.Work_Order__r</inputReference>
    </recordUpdates>
    <start>
        <locationX>401</locationX>
        <locationY>48</locationY>
        <connector>
            <targetReference>Update_related_work_order</targetReference>
        </connector>
        <filterLogic>and</filterLogic>
        <filters>
            <field>SN_Incident_Sys_Id__c</field>
            <operator>IsChanged</operator>
            <value>
                <booleanValue>true</booleanValue>
            </value>
        </filters>
        <filters>
            <field>Work_Order__c</field>
            <operator>IsNull</operator>
            <value>
                <booleanValue>false</booleanValue>
            </value>
        </filters>
        <object>Telemetry__c</object>
        <recordTriggerType>Update</recordTriggerType>
        <triggerType>RecordAfterSave</triggerType>
    </start>
    <status>Active</status>
</Flow>
